{
  "type": "minecraft:vault",
  "pools": [
    {
      "rolls": 4,
      "entries": [
        {
          "type": "minecraft:item",
          "name": "minecraft:cooked_chicken",
          "weight": 12,
          "functions": [
            {
              "function": "minecraft:set_count",
              "count": 16
            }
          ]
        },
        {
          "type": "minecraft:item",
          "name": "minecraft:wind_charge",
          "weight": 8,
          "functions": [
            {
              "function": "minecraft:set_count",
              "count": 8
            }
          ]
        },
        {
          "type": "minecraft:item",
          "name": "minecraft:tnt",
          "weight": 8,
          "functions": [
            {
              "function": "minecraft:set_count",
              "count": 16
            }
          ]
        },
        {
          "type": "minecraft:item",
          "name": "minecraft:copper_ingot",
          "weight": 8,
          "functions": [
            {
              "function": "minecraft:set_count",
              "count": 9
            }
          ]
        },
        {
          "type": "minecraft:item",
          "name": "minecraft:iron_ingot",
          "weight": 8,
          "functions": [
            {
              "function": "minecraft:set_count",
              "count": 9
            }
          ]
        },
        {
          "type": "minecraft:item",
          "name": "minecraft:gold_ingot",
          "weight": 8,
          "functions": [
            {
              "function": "minecraft:set_count",
              "count": 9
            }
          ]
        },
        {
          "type": "minecraft:item",
          "name": "minecraft:emerald",
          "weight": 5,
          "functions": [
            {
              "function": "minecraft:set_count",
              "count": 9
            }
          ]
        },
        {
          "type": "minecraft:item",
          "name": "minecraft:honey_block",
          "weight": 4,
          "functions": [
            {
              "function": "minecraft:set_count",
              "count": {
                "min": 3,
                "max": 4
              }
            }
          ]
        },
        {
          "type": "minecraft:item",
          "name": "minecraft:enchanted_book",
          "weight": 6,
          "functions": [
            {
              "function": "minecraft:set_enchantments",
              "enchantments": {
                "minecraft:unbreaking": 3
              },
              "add": true
            }
          ]
        },
        {
          "type": "minecraft:item",
          "name": "minecraft:enchanted_book",
          "weight": 6,
          "functions": [
            {
              "function": "minecraft:set_enchantments",
              "enchantments": {
                "minecraft:quick_charge": 3
              },
              "add": true
            }
          ]
        },
        {
          "type": "minecraft:item",
          "name": "minecraft:enchanted_book",
          "weight": 5,
          "functions": [
            {
              "function": "minecraft:set_enchantments",
              "enchantments": {
                "minecraft:mending": 1
              },
              "add": true
            }
          ]
        },
        {
          "type": "minecraft:item",
          "name": "minecraft:diamond",
          "weight": 4
        },
        {
          "type": "minecraft:item",
          "name": "minecraft:diamond_ore",
          "weight": 3,
          "functions": [
            {
              "function": "minecraft:set_count",
              "count": 1
            }
          ]
        },
        {
          "type": "minecraft:item",
          "name": "minecraft:budding_amethyst",
          "weight": 2
        },
        {
          "type": "minecraft:item",
          "name": "minecraft:totem_of_undying",
          "weight": 1,
          "functions": [
            {
              "function": "minecraft:set_lore",
              "lore": [
                "yippee!!!"
              ],
              "mode": "append"
            }
          ]
        },
            {
              "type": "item",
              "weight": 7,
              "name": "minecraft:suspicious_stew",
              "functions": [
                {
                  "function": "set_count",
                  "count": 1
                },
                {
                  "function": "set_components",
                  "components": {
                    "minecraft:suspicious_stew_effects": [
                      {
                        "id": "minecraft:health_boost",
                        "duration": 4800
                      },
                      {
                        "id": "minecraft:hunger",
                        "duration": 2400
                      }
                    ]
                  }
                },
                {
                  "function": "set_name",
                  "name": [
                    {
                      "text": "Health Boost Stew?"
                    }
                  ],
                  "target": "item_name"
                }
              ]
            },
            {
              "type": "item",
              "weight": 7,
              "name": "minecraft:suspicious_stew",
              "functions": [
                {
                  "function": "set_count",
                  "count": 1
                },
                {
                  "function": "set_components",
                  "components": {
                    "minecraft:suspicious_stew_effects": [
                      {
                        "id": "minecraft:glowing",
                        "duration": 3600
                      },
                      {
                        "id": "minecraft:night_vision",
                        "duration": 3600
                      }
                    ]
                  }
                },
                {
                  "function": "set_name",
                  "name": [
                    {
                      "text": "Night Vision Stew?"
                    }
                  ],
                  "target": "item_name"
                }
              ]
            },
            {
              "type": "item",
              "weight": 7,
              "name": "minecraft:suspicious_stew",
              "functions": [
                {
                  "function": "set_count",
                  "count": 1
                },
                {
                  "function": "set_components",
                  "components": {
                    "minecraft:suspicious_stew_effects": [
                      {
                        "id": "minecraft:strength",
                        "duration": 3600
                      },
                      {
                        "id": "minecraft:darkness",
                        "duration": 2400
                      }
                    ]
                  }
                },
                {
                  "function": "set_name",
                  "name": [
                    {
                      "text": "Strength Stew?"
                    }
                  ],
                  "target": "item_name"
                }
              ]
            }
          
          
      ]
    }
  ]
}
