{
	"name": "ddungeons:gas_station/stores/store",
	"fallback": "minecraft:empty",
	"elements": [{
		"weight": 1,
		"element": {
			"location": "ddungeons:gas_station/stores/store1",
			"processors": "minecraft:empty",
			"projection": "rigid",
			"element_type": "minecraft:single_pool_element"
		}
	},
	{
		"weight": 1,
		"element": {
			"location": "ddungeons:gas_station/stores/store2",
			"processors": "minecraft:empty",
			"projection": "rigid",
			"element_type": "minecraft:single_pool_element"
		}
	},
	{
		"weight": 1,
		"element": {
			"location": "ddungeons:gas_station/stores/store3",
			"processors": "minecraft:empty",
			"projection": "rigid",
			"element_type": "minecraft:single_pool_element"
		}
	}]
}