{
    "type": "chest",
    "pools": [
      {
        "rolls": 1,
        "entries": [
          {
            "type": "item",
            "weight": 1,
            "name": "minecraft:trial_key",
            "functions": [
              {
                "function": "set_count",
                "count": 1
              },
              {
                "function": "set_components",
                "components": {
                  "minecraft:fire_resistant": {},
                  "minecraft:rarity": "uncommon"
                }
              },
              {
                "function": "set_name",
                "name": [
                  {
                    "text": "Skeletal Key"
                  }
                ],
                "target": "item_name"
              }
            ]
          }
        ]
      },
      {
        "rolls": 3,
        "entries": [
          {
            "type": "item",
            "weight": 2,
            "name": "minecraft:diamond",
            "functions": [
              {
                "function": "set_count",
                "count": 1
              }
            ]
          },
          {
            "type": "item",
            "weight": 2,
            "name": "minecraft:skeleton_skull",
            "functions": [
              {
                "function": "set_count",
                "count": 1
              }
            ]
          },
          {
            "type": "item",
            "weight": 6,
            "name": "minecraft:enchanted_golden_apple",
            "functions": [
              {
                "function": "set_count",
                "count": 1
              }
            ]
          },
          {
            "type": "item",
            "weight": 6,
            "name": "minecraft:gold_ingot",
            "functions": [
              {
                "function": "set_count",
                "count": {
                  "min": 16,
                  "max": 24
                }
              }
            ]
          },
          {
            "type": "item",
            "weight": 4,
            "name": "minecraft:diamond",
            "functions": [
              {
                "function": "set_count",
                "count": {
                  "min": 1,
                  "max": 5
                }
              }
            ]
          },
          {
            "type": "item",
            "weight": 7,
            "name": "minecraft:ominous_bottle",
            "functions": [
              {
                "function": "set_count",
                "count": 1
              },
              {
                "function": "set_components",
                "components": {
                  "minecraft:ominous_bottle_amplifier": 2
                }
              }
            ]
          },
          {
            "type": "item",
            "weight": 8,
            "name": "minecraft:iron_ingot",
            "functions": [
              {
                "function": "set_count",
                "count": {
                  "min": 8,
                  "max": 24
                }
              }
            ]
          },
          {
            "type": "item",
            "weight": 5,
            "name": "minecraft:trial_key",
            "functions": [
              {
                "function": "set_count",
                "count": 1
              },
              {
                "function": "set_components",
                "components": {
                  "minecraft:fire_resistant": {},
                  "minecraft:rarity": "uncommon"
                }
              },
              {
                "function": "set_name",
                "name": [
                  {
                    "text": "Skeletal Key"
                  }
                ],
                "target": "item_name"
              }
            ]
          }
        ]
      }
    ]
  }