{
    "type": "chest",
    "pools": [
      {
        "rolls": 3,
        "bonus_rolls": 0,
        "entries": [
          {
            "type": "item",
            "weight": 2,
            "name": "minecraft:splash_potion",
            "functions": [
              {
                "function": "set_count",
                "count": 1
              },
              {
                "function": "set_components",
                "components": {
                  "minecraft:potion_contents": {
                    "potion": "minecraft:poison"
                  }
                }
              }
            ]
          },
          {
            "type": "item",
            "weight": 2,
            "name": "minecraft:fire_charge",
            "functions": [
              {
                "function": "set_count",
                "count": 1
              }
            ]
          },
          {
            "type": "item",
            "weight": 3,
            "name": "minecraft:splash_potion",
            "functions": [
              {
                "function": "set_count",
                "count": 1
              },
              {
                "function": "set_components",
                "components": {
                  "minecraft:potion_contents": {
                    "potion": "minecraft:long_swiftness"
                  }
                }
              }
            ]
          },
          {
            "type": "item",
            "weight": 3,
            "name": "minecraft:arrow",
            "functions": [
              {
                "function": "set_count",
                "count": 1
              }
            ]
          },
          {
            "type": "item",
            "weight": 2,
            "name": "minecraft:lingering_potion",
            "functions": [
              {
                "function": "set_count",
                "count": 1
              },
              {
                "function": "set_components",
                "components": {
                  "minecraft:potion_contents": {
                    "potion": "minecraft:strong_turtle_master"
                  }
                }
              }
            ]
          },
          {
            "type": "item",
            "weight": 1,
            "name": "minecraft:lingering_potion",
            "functions": [
              {
                "function": "set_count",
                "count": 1
              },
              {
                "function": "set_components",
                "components": {
                  "minecraft:potion_contents": {
                    "potion": "minecraft:long_regeneration"
                  }
                }
              }
            ]
          },
          {
            "type": "item",
            "weight": 2,
            "name": "minecraft:lingering_potion",
            "functions": [
              {
                "function": "set_count",
                "count": 1
              },
              {
                "function": "set_components",
                "components": {
                  "minecraft:potion_contents": {
                    "potion": "minecraft:fire_resistance"
                  }
                }
              }
            ]
          },
          {
            "type": "item",
            "weight": 1,
            "name": "minecraft:splash_potion",
            "functions": [
              {
                "function": "set_count",
                "count": 1
              },
              {
                "function": "set_components",
                "components": {
                  "minecraft:potion_contents": {
                    "potion": "minecraft:harming"
                  }
                }
              }
            ]
          },
          {
            "type": "item",
            "weight": 3,
            "name": "minecraft:bone",
            "functions": [
              {
                "function": "set_count",
                "count": 1
              }
            ]
          }
        ]
      }
    ]
  }