{
    "type": "chest",
    "pools": [
      {
        "rolls": 4,
        "entries": [
          {
            "type": "item",
            "weight": 2,
            "name": "minecraft:splash_potion",
            "functions": [
              {
                "function": "set_count",
                "count": 1
              },
              {
                "function": "set_components",
                "components": {
                  "minecraft:potion_contents": {
                    "potion": "minecraft:strong_leaping"
                  }
                }
              }
            ]
          },
          {
            "type": "item",
            "weight": 3,
            "name": "minecraft:lingering_potion",
            "functions": [
              {
                "function": "set_count",
                "count": 1
              },
              {
                "function": "set_components",
                "components": {
                  "minecraft:potion_contents": {
                    "potion": "minecraft:long_fire_resistance"
                  }
                }
              }
            ]
          },
          {
            "type": "item",
            "weight": 3,
            "name": "minecraft:lingering_potion",
            "functions": [
              {
                "function": "set_count",
                "count": 1
              },
              {
                "function": "set_components",
                "components": {
                  "minecraft:potion_contents": {
                    "potion": "minecraft:wind_charged"
                  }
                }
              }
            ]
          },
          {
            "type": "item",
            "weight": 4,
            "name": "minecraft:splash_potion",
            "functions": [
              {
                "function": "set_count",
                "count": 1
              },
              {
                "function": "set_components",
                "components": {
                  "minecraft:potion_contents": {
                    "potion": "minecraft:long_fire_resistance"
                  }
                }
              }
            ]
          },
          {
            "type": "item",
            "weight": 4,
            "name": "minecraft:splash_potion",
            "functions": [
              {
                "function": "set_count",
                "count": 1
              },
              {
                "function": "set_components",
                "components": {
                  "minecraft:potion_contents": {
                    "potion": "minecraft:wind_charged"
                  }
                }
              }
            ]
          },
          {
            "type": "item",
            "weight": 5,
            "name": "minecraft:fire_charge",
            "functions": [
              {
                "function": "set_count",
                "count": 1
              }
            ]
          },
          {
            "type": "item",
            "weight": 5,
            "name": "minecraft:wind_charge",
            "functions": [
              {
                "function": "set_count",
                "count": 1
              }
            ]
          }
        ]
      }
    ]
  }