{
    "type": "chest",
    "pools": [
      {
        "rolls": 1,
        "entries": [
          {
            "type": "item",
            "weight": 1,
            "name": "minecraft:trial_key",
            "functions": [
              {
                "function": "set_count",
                "count": 1
              },
              {
                "function": "set_components",
                "components": {
                  "minecraft:fire_resistant": {},
                  "minecraft:rarity": "uncommon"
                }
              },
              {
                "function": "set_name",
                "name": [
                  {
                    "text": "Skeletal Key"
                  }
                ],
                "target": "item_name"
              }
            ]
          }
        ]
      },
      {
        "rolls": 4,
        "entries": [
          {
            "type": "item",
            "weight": 4,
            "name": "minecraft:trial_key",
            "functions": [
              {
                "function": "set_count",
                "count": 1
              },
              {
                "function": "set_components",
                "components": {
                  "minecraft:fire_resistant": {},
                  "minecraft:rarity": "uncommon"
                }
              },
              {
                "function": "set_name",
                "name": [
                  {
                    "text": "Skeletal Key"
                  }
                ],
                "target": "item_name"
              }
            ]
          },
          {
            "type": "item",
            "weight": 3,
            "name": "minecraft:skeleton_skull",
            "functions": [
              {
                "function": "set_count",
                "count": 1
              }
            ]
          },
          {
            "type": "item",
            "weight": 5,
            "name": "minecraft:splash_potion",
            "functions": [
              {
                "function": "set_count",
                "count": 1
              },
              {
                "function": "set_components",
                "components": {
                  "minecraft:potion_contents": {
                    "potion": "minecraft:fire_resistance"
                  }
                }
              }
            ]
          },
          {
            "type": "item",
            "weight": 5,
            "name": "minecraft:splash_potion",
            "functions": [
              {
                "function": "set_count",
                "count": 1
              },
              {
                "function": "set_components",
                "components": {
                  "minecraft:potion_contents": {
                    "potion": "minecraft:wind_charged"
                  }
                }
              }
            ]
          },
          {
            "type": "item",
            "weight": 7,
            "name": "minecraft:wind_charge",
            "functions": [
              {
                "function": "set_count",
                "count": 16
              }
            ]
          },
          {
            "type": "item",
            "weight": 7,
            "name": "minecraft:fire_charge",
            "functions": [
              {
                "function": "set_count",
                "count": 16
              }
            ]
          },
          {
            "type": "item",
            "weight": 9,
            "name": "minecraft:breeze_rod",
            "functions": [
              {
                "function": "set_count",
                "count": 4
              }
            ]
          },
          {
            "type": "item",
            "weight": 9,
            "name": "minecraft:blaze_rod",
            "functions": [
              {
                "function": "set_count",
                "count": 4
              }
            ]
          }
        ]
      }
    ]
  }