{
    "type": "chest",
    "pools": [
      {
        "rolls": 1,
        "entries": [
          {
            "type": "item",
            "weight": 1,
            "name": "minecraft:trial_key",
            "functions": [
              {
                "function": "set_count",
                "count": 1
              },
              {
                "function": "set_components",
                "components": {
                  "minecraft:fire_resistant": {},
                  "minecraft:rarity": "uncommon"
                }
              },
              {
                "function": "set_name",
                "name": [
                  {
                    "text": "Skeletal Key"
                  }
                ],
                "target": "item_name"
              }
            ]
          }
        ]
      },
      {
        "rolls": 3,
        "entries": [
          {
            "type": "item",
            "weight": 2,
            "name": "minecraft:diamond",
            "functions": [
              {
                "function": "set_count",
                "count": 1
              }
            ]
          },
          {
            "type": "item",
            "weight": 2,
            "name": "minecraft:skeleton_skull",
            "functions": [
              {
                "function": "set_count",
                "count": 1
              }
            ]
          },
          {
            "type": "item",
            "weight": 5,
            "name": "minecraft:raw_gold_block",
            "functions": [
              {
                "function": "set_count",
                "count": {
                  "min": 1,
                  "max": 2
                }
              }
            ]
          },
          {
            "type": "item",
            "weight": 7,
            "name": "minecraft:tipped_arrow",
            "functions": [
              {
                "function": "set_count",
                "count": 16
              },
              {
                "function": "set_components",
                "components": {
                  "minecraft:potion_contents": {
                    "potion": "minecraft:strong_healing"
                  }
                }
              }
            ]
          },
          {
            "type": "item",
            "weight": 6,
            "name": "minecraft:golden_apple",
            "functions": [
              {
                "function": "set_count",
                "count": 2
              }
            ]
          },
          {
            "type": "item",
            "weight": 6,
            "name": "minecraft:gold_ingot",
            "functions": [
              {
                "function": "set_count",
                "count": {
                  "min": 8,
                  "max": 9
                }
              }
            ]
          },
          {
            "type": "item",
            "weight": 9,
            "name": "minecraft:bone_block",
            "functions": [
              {
                "function": "set_count",
                "count": 16
              }
            ]
          },
          {
            "type": "item",
            "weight": 10,
            "name": "minecraft:cooked_chicken",
            "functions": [
              {
                "function": "set_count",
                "count": 8
              }
            ]
          },
          {
            "type": "item",
            "weight": 9,
            "name": "minecraft:splash_potion",
            "functions": [
              {
                "function": "set_count",
                "count": 1
              },
              {
                "function": "set_components",
                "components": {
                  "minecraft:potion_contents": {
                    "custom_color": 14577924,
                    "custom_effects": [
                      {
                        "id": "minecraft:instant_health",
                        "amplifier": 1,
                        "duration": 1
                      },
                      {
                        "id": "minecraft:instant_damage",
                        "amplifier": 1,
                        "duration": 1
                      }
                    ]
                  }
                }
              },
              {
                "function": "set_name",
                "name": [
                  {
                    "text": "Whar? Potion"
                  }
                ],
                "target": "item_name"
              }
            ]
          },
          {
            "type": "item",
            "weight": 10,
            "name": "minecraft:splash_potion",
            "functions": [
              {
                "function": "set_count",
                "count": 1
              },
              {
                "function": "set_components",
                "components": {
                  "minecraft:potion_contents": {
                    "potion": "minecraft:strong_healing"
                  }
                }
              }
            ]
          },
          {
            "type": "item",
            "weight": 10,
            "name": "minecraft:lingering_potion",
            "functions": [
              {
                "function": "set_count",
                "count": 1
              },
              {
                "function": "set_components",
                "components": {
                  "minecraft:potion_contents": {
                    "custom_color": 16750230,
                    "custom_effects": [
                      {
                        "id": "minecraft:instant_health",
                        "amplifier": 2,
                        "duration": 1
                      }
                    ]
                  }
                }
              },
              {
                "function": "set_name",
                "name": [
                  {
                    "text": "Lingering Potion of Healing"
                  }
                ],
                "target": "item_name"
              }
            ]
          },
          {
            "type": "item",
            "weight": 12,
            "name": "minecraft:glistering_melon_slice",
            "functions": [
              {
                "function": "set_count",
                "count": {
                  "min": 1,
                  "max": 2
                }
              },
              {
                "function": "set_components",
                "components": {
                  "minecraft:max_stack_size": 64,
                  "minecraft:food": {
                    "nutrition": 2,
                    "saturation": 2,
                    "eat_seconds": 1.61
                  }
                }
              }
            ]
          },
          {
            "type": "item",
            "weight": 9,
            "name": "minecraft:glowstone_dust",
            "functions": [
              {
                "function": "set_count",
                "count": {
                  "min": 4,
                  "max": 16
                }
              }
            ]
          },
          {
            "type": "item",
            "weight": 8,
            "name": "minecraft:ominous_bottle",
            "functions": [
              {
                "function": "set_count",
                "count": 1
              },
              {
                "function": "set_components",
                "components": {
                  "minecraft:ominous_bottle_amplifier": 2
                }
              }
            ]
          },
          {
            "type": "item",
            "weight": 13,
            "name": "minecraft:iron_ingot",
            "functions": [
              {
                "function": "set_count",
                "count": {
                  "min": 4,
                  "max": 8
                }
              }
            ]
          },
          {
            "type": "item",
            "weight": 5,
            "name": "minecraft:trial_key",
            "functions": [
              {
                "function": "set_count",
                "count": 1
              },
              {
                "function": "set_components",
                "components": {
                  "minecraft:fire_resistant": {},
                  "minecraft:rarity": "uncommon"
                }
              },
              {
                "function": "set_name",
                "name": [
                  {
                    "text": "Skeletal Key"
                  }
                ],
                "target": "item_name"
              }
            ]
          }
        ]
      }
    ]
  }