{
	"name": "ddungeons:village_trailer/lights",
	"fallback": "minecraft:empty",
	"elements": [{
		"weight": 1,
		"element": {
			"location": "ddungeons:village_trailer/lights/light1",
			"processors": "minecraft:empty",
			"projection": "rigid",
			"element_type": "minecraft:single_pool_element"
		}
	},
{
		"weight": 1,
		"element": {
			"location": "ddungeons:village_trailer/lights/light2",
			"processors": "minecraft:empty",
			"projection": "rigid",
			"element_type": "minecraft:single_pool_element"
		}
	},
{
		"weight": 1,
		"element": {
			"location": "ddungeons:village_trailer/lights/light3",
			"processors": "minecraft:empty",
			"projection": "rigid",
			"element_type": "minecraft:single_pool_element"
		}
	},
{
		"weight": 1,
		"element": {
			"location": "ddungeons:village_trailer/lights/light4",
			"processors": "minecraft:empty",
			"projection": "rigid",
			"element_type": "minecraft:single_pool_element"
		}
	},{
		"weight": 1,
		"element": {
			"location": "ddungeons:village_trailer/lights/light5",
			"processors": "minecraft:empty",
			"projection": "rigid",
			"element_type": "minecraft:single_pool_element"
		}
	},
{
		"weight": 1,
		"element": {
			"location": "ddungeons:village_trailer/lights/light7",
			"processors": "minecraft:empty",
			"projection": "rigid",
			"element_type": "minecraft:single_pool_element"
		}
	},
{
		"weight": 1,
		"element": {
			"location": "ddungeons:village_trailer/lights/light8",
			"processors": "minecraft:empty",
			"projection": "rigid",
			"element_type": "minecraft:single_pool_element"
		}
	},
{
		"weight": 1,
		"element": {
			"location": "ddungeons:village_trailer/lights/light9",
			"processors": "minecraft:empty",
			"projection": "rigid",
			"element_type": "minecraft:single_pool_element"
		}
	},
{
		"weight": 1,
		"element": {
			"location": "ddungeons:village_trailer/lights/light10",
			"processors": "minecraft:empty",
			"projection": "rigid",
			"element_type": "minecraft:single_pool_element"
		}
	},{
		"weight": 1,
		"element": {
			"location": "ddungeons:village_trailer/lights/light11",
			"processors": "minecraft:empty",
			"projection": "rigid",
			"element_type": "minecraft:single_pool_element"
		}
	},{
		"weight": 1,
		"element": {
			"location": "ddungeons:village_trailer/lights/light12",
			"processors": "minecraft:empty",
			"projection": "rigid",
			"element_type": "minecraft:single_pool_element"
		}
	}]
}