{
	"name": "ddungeons:village_trailer/trailers",
	"fallback": "minecraft:empty",
	"elements": [{
		"weight": 3,
		"element": {
			"location": "ddungeons:village_trailer/trailers/trailer_oak",
			"processors": "minecraft:empty",
			"projection": "rigid",
			"element_type": "minecraft:single_pool_element"
		}
	},{
		"weight": 3,
		"element": {
			"location": "ddungeons:village_trailer/trailers/trailer_birch",
			"processors": "minecraft:empty",
			"projection": "rigid",
			"element_type": "minecraft:single_pool_element"
		}
	},{
		"weight": 3,
		"element": {
			"location": "ddungeons:village_trailer/trailers/trailer_spruce",
			"processors": "minecraft:empty",
			"projection": "rigid",
			"element_type": "minecraft:single_pool_element"
		}
	},{
		"weight": 3,
		"element": {
			"location": "ddungeons:village_trailer/trailers/trailer_jungle",
			"processors": "minecraft:empty",
			"projection": "rigid",
			"element_type": "minecraft:single_pool_element"
		}
	},{
		"weight": 3,
		"element": {
			"location": "ddungeons:village_trailer/trailers/trailer_dark_oak",
			"processors": "minecraft:empty",
			"projection": "rigid",
			"element_type": "minecraft:single_pool_element"
		}
	},{
		"weight": 3,
		"element": {
			"location": "ddungeons:village_trailer/trailers/trailer_mangrove",
			"processors": "minecraft:empty",
			"projection": "rigid",
			"element_type": "minecraft:single_pool_element"
		}
	},{
		"weight": 1,
		"element": {
			"location": "ddungeons:village_trailer/trailers/trailer_empty",
			"processors": "minecraft:empty",
			"projection": "rigid",
			"element_type": "minecraft:single_pool_element"
		}
	},{
		"weight": 2,
		"element": {
			"location": "ddungeons:village_trailer/trailers/tent1",
			"processors": "minecraft:empty",
			"projection": "rigid",
			"element_type": "minecraft:single_pool_element"
		}
	},{
		"weight": 2,
		"element": {
			"location": "ddungeons:village_trailer/trailers/tent2",
			"processors": "minecraft:empty",
			"projection": "rigid",
			"element_type": "minecraft:single_pool_element"
		}
	}]
}