{
	"description": "Combusting",
	"supported_items": "#minecraft:enchantable/chest_armor",
	"slots": ["chest"],
	"weight": 5,
	"anvil_cost": 10,
	"min_cost": {
		"base": 10,
		"per_level_above_first": 2
	},
	"max_cost": {
		"base": 15,
		"per_level_above_first": 5
	},
	"max_level": 3,
	"effects": {
		"minecraft:post_attack": [{
			"enchanted": "victim",
			"affected": "victim",
			"requirements": {     "chance": {
				"type": "minecraft:enchantment_level",
				"amount": {
				  "type": "minecraft:linear",
				  "base": 0.15,
				  "per_level_above_first": 0.25
				}
			  },
			  "condition": "minecraft:random_chance"},
			"effect": {
				"radius": {"type": "linear",
			"base": 2,
		"per_level_above_first": 1},
				"height": 1,
				"offset": [0,0,0],
				"predicate": {"type": "matching_block_tag",
			"offset": [0,0,0],
		"tag": "minecraft:air"},
				"trigger_game_event": "minecraft:block_place",
				"type": "minecraft:replace_disk",
				"block_state": {
					"type":"weighted_state_provider",
					"entries": [{"data": {"Name": "minecraft:fire"}, "weight": 1},
				{"data": {"Name": "minecraft:air"}, "weight": 3}]
				
			}
		}
		}]
	}
}