{
	"description": "Curse of Exploding",
	"supported_items": "#minecraft:enchantable/chest_armor",
	"slots": ["chest"],
	"weight": 5,
	"anvil_cost": 2,
	"min_cost": {
		"base": 1,
		"per_level_above_first": 2
	},
	"max_cost": {
		"base": 1,
		"per_level_above_first": 5
	},
	"max_level": 2,
	"effects": {
		"minecraft:post_attack": [{
			"enchanted": "victim",
			"affected": "victim",
			"requirements": {
				"chance": {
					"type": "minecraft:enchantment_level",
					"amount": {
					  "type": "minecraft:linear",
					  "base": 0.10,
					  "per_level_above_first": 0.40
					}
				  },
				  "condition": "minecraft:random_chance"
			},
			"effect": {
				"type": "minecraft:explode",
				"knockback_multiplier": {
					"type": "minecraft:linear",
					"base": 1,
					"per_level_above_first": 0.5
				  },
				  "offset": [0,1,0],
				  "radius": {
					"type": "minecraft:linear",
					"base": 1,
					"per_level_above_first": 2
				  },
				  "block_interaction": "tnt",
				  "small_particle": {
					"type": "minecraft:dust_color_transition",
					"from_color": [1,0.7,0],
					"to_color": [0.6,0,0],
					"scale": 2
				  },
				  "large_particle": {
					"type": "minecraft:explosion"
				  },
				  "sound": "minecraft:entity.generic.explode"
			}
		}]
	}
}