{
	"description": "Exploder",
	"supported_items": "#minecraft:enchantable/weapon",
	"slots": ["mainhand"],
	"weight": 1,
	"anvil_cost": 10,
	"min_cost": {
		"base": 10,
		"per_level_above_first": 1
	},
	"max_cost": {
		"base": 15,
		"per_level_above_first": 1
	},
	"max_level": 3,
	"effects": {
		"minecraft:post_attack": [{
			"enchanted": "attacker",
			"affected": "victim",
			"effect": {
				"type": "minecraft:explode",
				"knockback_multiplier": {
					"type": "minecraft:linear",
					"base": 0.5,
					"per_level_above_first": 0.2
				  },
				  "offset": [0,1,0],
				  "radius": {
					"type": "minecraft:linear",
					"base": 1,
					"per_level_above_first": 1.5
				  },
				  "block_interaction": "none",
				  "small_particle": {
					"type": "minecraft:dust_color_transition",
					"from_color": [1,0.7,0],
					"to_color": [0.6,0,0],
					"scale": 2
				  },
				  "large_particle": {
					"type": "minecraft:dust_color_transition",
					"from_color": [1,0.7,0],
					"to_color": [0.6,0,0],
					"scale": 3
				  },
				  "sound": "minecraft:entity.shulker_bullet.hit"

			}
		}]
	}
}