{
	"description": "Curse of Pied Piper",
	"supported_items": "#minecraft:pickaxes",
	"slots": ["mainhand"],
	"weight": 5,
	"anvil_cost": 10,
	"min_cost": {
		"base": 10,
		"per_level_above_first": 2
	},
	"max_cost": {
		"base": 15,
		"per_level_above_first": 5
	},
	"max_level": 1,
	"effects": {
		
		"minecraft:hit_block": [{
			"requirements": {     "chance": {
				"type": "minecraft:enchantment_level",
				"amount": {
				  "type": "minecraft:linear",
				  "base": 0.005,
				  "per_level_above_first": 0.0009
				}
			  },
			  "condition": "minecraft:random_chance"},
			"effect": {
				"radius": {"type": "linear",
			"base": 4,
		"per_level_above_first": 1},
				"height": {"type": "linear",
				"base": 3,
			"per_level_above_first": 1},
				"offset": [0,0,0],
				"predicate": {
					"type": "minecraft:any_of",
					"predicates": [
					  {
						"type": "minecraft:matching_block_tag",
						"offset": [
						  0,
						  0,
						  0
						],
						"tag": "minecraft:stone_ore_replaceables"
					  },
					  {
						"type": "minecraft:matching_block_tag",
						"offset": [
						  0,
						  0,
						  0
						],
						"tag": "minecraft:deepslate_ore_replaceables"
					  }
					]
				  },
				"trigger_game_event": "minecraft:block_place",
				"type": "minecraft:replace_disk",
				"block_state": {
					"type":"simple_state_provider", "state": {"Name": "minecraft:infested_stone"}
				
			}
		}
		}]
	}
}