{
	"description": "Curse of Pocket Sand",
	"supported_items": "#minecraft:enchantable/head_armor",
	"slots": ["head"],
	"weight": 5,
	"anvil_cost": 5,
	"min_cost": {
		"base": 2,
		"per_level_above_first": 2
	},
	"max_cost": {
		"base": 4,
		"per_level_above_first": 3
	},
	"max_level": 1,
	"effects": {
		
		"minecraft:tick": [{
			"requirements": {     "chance": {
				"type": "minecraft:enchantment_level",
				"amount": {
				  "type": "minecraft:linear",
				  "base": 0.0001,
				  "per_level_above_first": 0.001
				}
			  },
			  "condition": "minecraft:random_chance"},
			"effect": { "type": "apply_mob_effect",
			"to_apply": "minecraft:blindness",
			"min_duration": 2,
			"max_duration": 7,
			"min_amplifier": 1,
			  "max_amplifier": 2
		}
		}]
	}
}