{
  "type": "chest",
  "pools": [
    {
      "rolls": 2,
      "entries": [
        {
          "type": "item",
          "weight": 2,
          "name": "minecraft:ominous_bottle",
          "functions": [
            {
              "function": "set_count",
              "count": 1
            },
            {
              "function": "set_components",
              "components": {
                "minecraft:ominous_bottle_amplifier": 0
              }
            }
          ]
        },
        {
          "type": "item",
          "weight": 1,
          "name": "minecraft:potion",
          "functions": [
            {
              "function": "set_count",
              "count": 1
            },
            {
              "function": "set_components",
              "components": {
                "minecraft:potion_contents": {
                  "potion": "minecraft:strength",
                  "custom_effects": [
                    {
                      "id": "minecraft:absorption",
                      "amplifier": 1,
                      "duration": 2400,
                      "show_particles": false,
                      "show_icon": true
                    },
                    {
                      "id": "minecraft:mining_fatigue",
                      "amplifier": 0,
                      "duration": 1800,
                      "show_particles": false,
                      "show_icon": true
                    },
                    {
                      "id": "minecraft:glowing",
                      "amplifier": 0,
                      "duration": 1800,
                      "show_particles": false,
                      "show_icon": true
                    }
                  ]
                }
              }
            },
            {
              "function": "set_name",
              "name": [
                {
                  "bold": true,
                  "color": "dark_red",
                  "text": "Gasoline"
                }
              ],
              "target": "item_name"
            },
            {
              "function": "set_lore",
              "lore": [
                {
                  "text": "Best risk of rain 2 item"
                }
              ],
              "mode": "append"
            }
          ]
        },
        {
          "type": "item",
          "weight": 1,
          "name": "minecraft:stick",
          "functions": [
            {
              "function": "set_count",
              "count": 8
            },
            {
              "function": "set_components",
              "components": {
                "minecraft:fire_resistant": {},
                "minecraft:food": {
                  "nutrition": 2,
                  "saturation": 2,
                  "can_always_eat": false,
                  "eat_seconds": 1.61,
                  "using_converts_to": {
                    "id": "minecraft:iron_nugget",
                    "count": 1,
                    "components": {
                      "minecraft:lore": [
                        "\"A single little crumb\""
                      ],
                      "minecraft:food": {
                        "nutrition": 1,
                        "saturation": 0,
                        "can_always_eat": false,
                        "eat_seconds": 0.865
                      }
                    }
                  }
                }
              }
            },
            {
              "function": "set_name",
              "name": [
                {
                  "text": "Pretzel Sticks"
                }
              ],
              "target": "item_name"
            },
            {
              "function": "set_lore",
              "lore": [
                {
                  "text": "Ew"
                }
              ],
              "mode": "append"
            }
          ]
        },
        {
          "type": "item",
          "weight": 3,
          "name": "minecraft:gold_ingot",
          "functions": [
            {
              "function": "set_count",
              "count": 4
            }
          ]
        },
        {
          "type": "item",
          "weight": 3,
          "name": "minecraft:paper",
          "functions": [
            {
              "function": "set_count",
              "count": 1
            },
            {
              "function": "set_components",
              "components": {
                "minecraft:fire_resistant": {}
              }
            },
            {
              "function": "set_name",
              "name": [
                {
                  "bold": true,
                  "color": "dark_green",
                  "italic": false,
                  "text": "Memba Card"
                }
              ],
              "target": "item_name"
            }
          ]
        }
      ]
    }
  ]
}


