{
  "type": "chest",
  "pools": [
    {
      "rolls": 2,
      "entries": [
        {
          "type": "item",
          "weight": 1,
          "name": "minecraft:brown_mushroom_block",
          "functions": [
            {
              "function": "set_count",
              "count": 1
            },
            {
              "function": "set_components",
              "components": {
                "minecraft:food": {
                  "nutrition": 20,
                  "saturation": 20,
                  "can_always_eat": true,
                  "eat_seconds": 5,
                  "effects": [
                    {
                      "effect": {
                        "id": "minecraft:absorption",
                        "amplifier": 6,
                        "duration": 7200,
                        "show_particles": true,
                        "show_icon": true
                      },
                      "probability": 1
                    },
                    {
                      "effect": {
                        "id": "minecraft:slowness",
                        "amplifier": 3,
                        "duration": 7200,
                        "show_particles": true,
                        "show_icon": true
                      },
                      "probability": 1
                    },
                    {
                      "effect": {
                        "id": "minecraft:saturation",
                        "amplifier": 0,
                        "duration": 20,
                        "show_particles": false,
                        "show_icon": false
                      },
                      "probability": 1
                    },
                    {
                      "effect": {
                        "id": "minecraft:poison",
                        "amplifier": 0,
                        "duration": 200,
                        "show_particles": true,
                        "show_icon": true
                      },
                      "probability": 1
                    },
                    {
                      "effect": {
                        "id": "minecraft:mining_fatigue",
                        "amplifier": 0,
                        "duration": 7200,
                        "show_particles": true,
                        "show_icon": true
                      },
                      "probability": 1
                    },
                    {
                      "effect": {
                        "id": "minecraft:nausea",
                        "amplifier": 0,
                        "duration": 100,
                        "show_particles": true,
                        "show_icon": true
                      },
                      "probability": 1
                    }
                  ],
                  "using_converts_to": {
                    "id": "minecraft:iron_nugget",
                    "count": 5,
                    "components": {
                      "minecraft:lore": [
                        "\"A single little crumb\""
                      ],
                      "minecraft:food": {
                        "nutrition": 1,
                        "saturation": 0,
                        "can_always_eat": false,
                        "eat_seconds": 0.865
                      }
                    }
                  }
                }
              }
            },
            {
              "function": "set_name",
              "name": [
                {
                  "bold": true,
                  "color": "gold",
                  "text": "Big Bread"
                }
              ],
              "target": "item_name"
            },
            {
              "function": "set_lore",
              "lore": [
                {
                  "text": "That's a LOT of bread, it'll make you really full"
                }
              ],
              "mode": "append"
            }
          ]
        },
        {
          "type": "item",
          "weight": 1,
          "name": "minecraft:gold_block",
          "functions": [
            {
              "function": "set_count",
              "count": 1
            }
          ]
        },
        {
          "type": "item",
          "weight": 2,
          "name": "minecraft:baked_potato",
          "functions": [
            {
              "function": "set_count",
              "count": 8
            },
            {
              "function": "set_components",
              "components": {
                "minecraft:food": {
                  "nutrition": 5,
                  "saturation": 3,
                  "can_always_eat": false,
                  "eat_seconds": 1.61,
                  "using_converts_to": {
                    "id": "minecraft:iron_nugget",
                    "count": 4,
                    "components": {
                      "minecraft:lore": [
                        "\"A single little crumb\""
                      ],
                      "minecraft:food": {
                        "nutrition": 1,
                        "saturation": 0,
                        "can_always_eat": false,
                        "eat_seconds": 0.865
                      }
                    }
                  }
                }
              }
            },
            {
              "function": "set_name",
              "name": [
                {
                  "text": "Chips"
                }
              ],
              "target": "item_name"
            }
          ]
        },
        {
          "type": "item",
          "weight": 5,
          "name": "minecraft:paper",
          "functions": [
            {
              "function": "set_count",
              "count": 2
            },
            {
              "function": "set_components",
              "components": {
                "minecraft:fire_resistant": {}
              }
            },
            {
              "function": "set_name",
              "name": [
                {
                  "bold": true,
                  "color": "dark_green",
                  "italic": false,
                  "text": "Memba Card"
                }
              ],
              "target": "item_name"
            }
          ]
        }
      ]
    }
  ]
}