{
  "type": "minecraft:chest",
  "pools": [
    {
      "rolls": 4,
      "entries": [
        {
          "type": "minecraft:item",
          "name": "minecraft:cooked_chicken",
          "weight": 20,
          "functions": [
            {
              "function": "minecraft:set_count",
              "count": 8
            }
          ]
        },
        {
          "type": "minecraft:item",
          "name": "minecraft:gold_nugget",
          "weight": 18,
          "functions": [
            {
              "function": "minecraft:set_count",
              "count": 9
            }
          ]
        },
        {
          "type": "minecraft:item",
          "name": "minecraft:lapis_lazuli",
          "weight": 17,
          "functions": [
            {
              "function": "minecraft:set_count",
              "count": {
                "min": 2,
                "max": 4
              }
            }
          ]
        },
        {
          "type": "minecraft:item",
          "name": "minecraft:emerald",
          "weight": 16,
          "functions": [
            {
              "function": "minecraft:set_count",
              "count": {
                "min": 2,
                "max": 5
              }
            }
          ]
        },
        {
          "type": "minecraft:item",
          "name": "minecraft:iron_ingot",
          "weight": 15,
          "functions": [
            {
              "function": "minecraft:set_count",
              "count": {
                "min": 3,
                "max": 5
              }
            }
          ]
        },
        {
          "type": "minecraft:item",
          "name": "minecraft:experience_bottle",
          "weight": 14,
          "functions": [
            {
              "function": "minecraft:set_count",
              "count": {
                "min": 3,
                "max": 5
              }
            }
          ]
        },
        {
          "type": "minecraft:item",
          "name": "minecraft:raw_copper_block",
          "weight": 10
        },
        {
          "type": "minecraft:item",
          "name": "minecraft:splash_potion",
          "weight": 9,
          "functions": [
            {
              "function": "minecraft:set_potion",
              "id": "minecraft:infested"
            }
          ]
        },
        {
          "type": "minecraft:item",
          "name": "minecraft:wind_charge",
          "weight": 8,
          "functions": [
            {
              "function": "minecraft:set_count",
              "count": 8
            }
          ]
        },
        {
          "type": "minecraft:item",
          "name": "minecraft:honeycomb",
          "weight": 7,
          "functions": [
            {
              "function": "minecraft:set_count",
              "count": 3
            }
          ]
        },
        {
          "type": "minecraft:item",
          "name": "minecraft:raw_iron_block",
          "weight": 6
        },
        {
          "type": "minecraft:item",
          "name": "minecraft:lingering_potion",
          "weight": 5,
          "functions": [
            {
              "function": "minecraft:set_potion",
              "id": "minecraft:healing"
            }
          ]
        },
        {
          "type": "minecraft:item",
          "name": "minecraft:bundle",
          "weight": 5
        },
        {
          "type": "minecraft:item",
          "name": "minecraft:saddle",
          "weight": 5
        },
        {
          "type": "minecraft:item",
          "name": "minecraft:ender_pearl",
          "weight": 5
        },
        {
          "type": "minecraft:item",
          "name": "minecraft:goat_horn",
          "weight": 2,
          "functions": [
            {
              "function": "minecraft:set_instrument",
              "options": "#minecraft:screaming_goat_horns"
            }
          ]
        },
        {
          "type": "minecraft:item",
          "name": "minecraft:diamond_ore",
          "weight": 2,
          "functions": [
            {
              "function": "minecraft:set_count",
              "count": 2
            }
          ]
        },
        {
          "type": "minecraft:item",
          "name": "minecraft:music_disc_ward",
          "weight": 1
        },
        {
          "type": "minecraft:item",
          "name": "minecraft:ominous_trial_key",
          "weight": 8,
          "functions": [
            {
              "function": "minecraft:set_count",
              "count": 1
            },
            {
              "function": "set_name",
              "name": [
                {
                  "text": "Ominous Rooted Key"
                }
              ],
              "target": "item_name"
            }
          ]
        }
      ]
    }
  ]
}
