{
	"name": "ddungeons:dungeon_tree/stumps",
	"fallback": "minecraft:empty",
	"elements": [{
		"weight": 1,
		"element": {
			"location": "ddungeons:dungeon_tree/stumps/stump1",
			"processors": "minecraft:empty",
			"projection": "rigid",
			"element_type": "minecraft:single_pool_element"
		}
	},
	{
		"weight": 1,
		"element": {
			"location": "ddungeons:dungeon_tree/stumps/stump2",
			"processors": "minecraft:empty",
			"projection": "rigid",
			"element_type": "minecraft:single_pool_element"
		}
	}]
}