{
	"name": "ddungeons:dungeon_tree/walls",
	"fallback": "minecraft:empty",
	"elements": [{
		"weight": 10,
		"element": {
			"location": "ddungeons:dungeon_tree/walls/wall1",
			"processors": "minecraft:empty",
			"projection": "rigid",
			"element_type": "minecraft:single_pool_element"
		}
	},
    {
		"weight": 10,
		"element": {
			"location": "ddungeons:dungeon_tree/walls/wall2",
			"processors": "minecraft:empty",
			"projection": "rigid",
			"element_type": "minecraft:single_pool_element"
		}
	},
    {
		"weight": 10,
		"element": {
			"location": "ddungeons:dungeon_tree/walls/wall3",
			"processors": "minecraft:empty",
			"projection": "rigid",
			"element_type": "minecraft:single_pool_element"
		}
	},
    {
		"weight": 10,
		"element": {
			"location": "ddungeons:dungeon_tree/walls/wall4",
			"processors": "minecraft:empty",
			"projection": "rigid",
			"element_type": "minecraft:single_pool_element"
		}
	},
	{
		"weight": 1,
		"element": {
			"location": "ddungeons:dungeon_tree/walls/wall5",
			"processors": "minecraft:empty",
			"projection": "rigid",
			"element_type": "minecraft:single_pool_element"
		}
	},
	{
		"weight": 2,
		"element": {
			"location": "ddungeons:dungeon_tree/walls/wall6",
			"processors": "minecraft:empty",
			"projection": "rigid",
			"element_type": "minecraft:single_pool_element"
		}
	},
	{
		"weight": 1,
		"element": {
			"location": "ddungeons:dungeon_tree/walls/wall7",
			"processors": "minecraft:empty",
			"projection": "rigid",
			"element_type": "minecraft:single_pool_element"
		}
	}]
}