{
	"name": "ddungeons:village_trailer/extras",
	"fallback": "minecraft:empty",
	"elements": [{
		"weight": 3,
		"element": {
			"location": "ddungeons:village_trailer/extras/extra1",
			"processors": "minecraft:empty",
			"projection": "rigid",
			"element_type": "minecraft:single_pool_element"
		}
	},{
		"weight": 1,
		"element": {
			"location": "ddungeons:village_trailer/extras/extra2",
			"processors": "minecraft:empty",
			"projection": "rigid",
			"element_type": "minecraft:single_pool_element"
		}
	},{
		"weight": 3,
		"element": {
			"location": "ddungeons:village_trailer/extras/extra3",
			"processors": "minecraft:empty",
			"projection": "rigid",
			"element_type": "minecraft:single_pool_element"
		}
	},{
		"weight": 3,
		"element": {
			"location": "ddungeons:village_trailer/extras/extra4",
			"processors": "minecraft:empty",
			"projection": "rigid",
			"element_type": "minecraft:single_pool_element"
		}
	},{
		"weight": 3,
		"element": {
			"location": "ddungeons:village_trailer/extras/extra5",
			"processors": "minecraft:empty",
			"projection": "rigid",
			"element_type": "minecraft:single_pool_element"
		}
	},{
		"weight": 1,
		"element": {
			"location": "ddungeons:village_trailer/extras/extra6",
			"processors": "minecraft:empty",
			"projection": "rigid",
			"element_type": "minecraft:single_pool_element"
		}
	},{
		"weight": 3,
		"element": {
			"location": "ddungeons:village_trailer/extras/rock1",
			"processors": "minecraft:empty",
			"projection": "rigid",
			"element_type": "minecraft:single_pool_element"
		}
	},{
		"weight": 3,
		"element": {
			"location": "ddungeons:village_trailer/extras/rock2",
			"processors": "minecraft:empty",
			"projection": "rigid",
			"element_type": "minecraft:single_pool_element"
		}
	},{
		"weight": 3,
		"element": {
			"location": "ddungeons:village_trailer/extras/rock3",
			"processors": "minecraft:empty",
			"projection": "rigid",
			"element_type": "minecraft:single_pool_element"
		}
	}]
}