{
	"name": "ddungeons:village_trailer/roads",
	"fallback": "minecraft:empty",
	"elements": [{
		"weight": 4,
		"element": {
			"element_type": "minecraft:empty_pool_element"
		}
	},{
		"weight": 3,
		"element": {
			"location": "ddungeons:village_trailer/roads/road_straight1",
			"processors": "minecraft:empty",
			"projection": "terrain_matching",
			"element_type": "minecraft:single_pool_element"
		}
	},
{
		"weight": 3,
		"element": {
			"location": "ddungeons:village_trailer/roads/road_straight3",
			"processors": "minecraft:empty",
			"projection": "terrain_matching",
			"element_type": "minecraft:single_pool_element"
		}
	},{
		"weight": 2,
		"element": {
			"location": "ddungeons:village_trailer/roads/road_curve1",
			"processors": "minecraft:empty",
			"projection": "terrain_matching",
			"element_type": "minecraft:single_pool_element"
		}
	},
{
		"weight": 2,
		"element": {
			"location": "ddungeons:village_trailer/roads/road_curve2",
			"processors": "minecraft:empty",
			"projection": "terrain_matching",
			"element_type": "minecraft:single_pool_element"
		}
	},{
		"weight": 2,
		"element": {
			"location": "ddungeons:village_trailer/roads/road_t",
			"processors": "minecraft:empty",
			"projection": "terrain_matching",
			"element_type": "minecraft:single_pool_element"
		}
	},
{
		"weight": 1,
		"element": {
			"location": "ddungeons:village_trailer/roads/road_x1",
			"processors": "minecraft:empty",
			"projection": "terrain_matching",
			"element_type": "minecraft:single_pool_element"
		}
	},{
		"weight": 1,
		"element": {
			"location": "ddungeons:village_trailer/roads/road_x2",
			"processors": "minecraft:empty",
			"projection": "terrain_matching",
			"element_type": "minecraft:single_pool_element"
		}
	}]
}