{
	"name": "ddungeons:dungeon_tree/roofs",
	"fallback": "ddungeons:dungeon_tree/roofs",
	"elements": [{
		"weight": 2,
		"element": {
			"location": "ddungeons:dungeon_tree/roofs/roof1",
			"processors": "minecraft:empty",
			"projection": "rigid",
			"element_type": "minecraft:single_pool_element"
		}
	},
    {
		"weight": 2,
		"element": {
			"location": "ddungeons:dungeon_tree/roofs/roof2",
			"processors": "minecraft:empty",
			"projection": "rigid",
			"element_type": "minecraft:single_pool_element"
		}
	},
    {
		"weight": 1,
		"element": {
			"location": "ddungeons:dungeon_tree/roofs/roof3",
			"processors": "minecraft:empty",
			"projection": "rigid",
			"element_type": "minecraft:single_pool_element"
		}
	},
    {
		"weight": 1,
		"element": {
			"location": "ddungeons:dungeon_tree/roofs/roof4",
			"processors": "minecraft:empty",
			"projection": "rigid",
			"element_type": "minecraft:single_pool_element"
		}
	}]
}