{
	"name": "ddungeons:dungeon_tree/room_stuff",
	"fallback": "ddungeons:dungeon_tree/room_stuff",
	"elements": [{
		"weight": 22,
		"element": {
			"location": "ddungeons:dungeon_tree/room_stuff/root1",
			"processors": "minecraft:empty",
			"projection": "rigid",
			"element_type": "minecraft:single_pool_element"
		}
	},
    {
		"weight": 20,
		"element": {
			"location": "ddungeons:dungeon_tree/room_stuff/root2",
			"processors": "minecraft:empty",
			"projection": "rigid",
			"element_type": "minecraft:single_pool_element"
		}
	},
    {
		"weight": 13,
		"element": {
			"location": "ddungeons:dungeon_tree/room_stuff/stone1",
			"processors": "minecraft:empty",
			"projection": "rigid",
			"element_type": "minecraft:single_pool_element"
		}
	},
    {
		"weight": 11,
		"element": {
			"location": "ddungeons:dungeon_tree/room_stuff/stone2",
			"processors": "minecraft:empty",
			"projection": "rigid",
			"element_type": "minecraft:single_pool_element"
		}
	},
    {
		"weight": 15,
		"element": {
			"location": "ddungeons:dungeon_tree/room_stuff/wood1",
			"processors": "minecraft:empty",
			"projection": "rigid",
			"element_type": "minecraft:single_pool_element"
		}
	},
    {
		"weight": 11,
		"element": {
			"location": "ddungeons:dungeon_tree/room_stuff/wood2",
			"processors": "minecraft:empty",
			"projection": "rigid",
			"element_type": "minecraft:single_pool_element"
		}
	},
    {
		"weight": 13,
		"element": {
			"location": "ddungeons:dungeon_tree/room_stuff/cover1",
			"processors": "minecraft:empty",
			"projection": "rigid",
			"element_type": "minecraft:single_pool_element"
		}
	},
    {
		"weight": 12,
		"element": {
			"location": "ddungeons:dungeon_tree/room_stuff/cover2",
			"processors": "minecraft:empty",
			"projection": "rigid",
			"element_type": "minecraft:single_pool_element"
		}
	},
	{
		"weight": 26,
		"element": {
			"location": "ddungeons:dungeon_tree/room_stuff/light1",
			"processors": "minecraft:empty",
			"projection": "rigid",
			"element_type": "minecraft:single_pool_element"
		}
	},
	{
		"weight": 24,
		"element": {
			"location": "ddungeons:dungeon_tree/room_stuff/light2",
			"processors": "minecraft:empty",
			"projection": "rigid",
			"element_type": "minecraft:single_pool_element"
		}
	},
	{
		"weight": 26,
		"element": {
			"location": "ddungeons:dungeon_tree/room_stuff/light3",
			"processors": "minecraft:empty",
			"projection": "rigid",
			"element_type": "minecraft:single_pool_element"
		}
	},
	{
		"weight": 20,
		"element": {
			"location": "ddungeons:dungeon_tree/room_stuff/light4",
			"processors": "minecraft:empty",
			"projection": "rigid",
			"element_type": "minecraft:single_pool_element"
		}
	},
	{
		"weight": 21,
		"element": {
			"location": "ddungeons:dungeon_tree/room_stuff/skeleton1",
			"processors": "minecraft:empty",
			"projection": "rigid",
			"element_type": "minecraft:single_pool_element"
		}
	},
	{
		"weight": 19,
		"element": {
			"location": "ddungeons:dungeon_tree/room_stuff/skeleton2",
			"processors": "minecraft:empty",
			"projection": "rigid",
			"element_type": "minecraft:single_pool_element"
		}
	},
	{
		"weight": 21,
		"element": {
			"location": "ddungeons:dungeon_tree/room_stuff/zombie1",
			"processors": "minecraft:empty",
			"projection": "rigid",
			"element_type": "minecraft:single_pool_element"
		}
	},
	{
		"weight": 19,
		"element": {
			"location": "ddungeons:dungeon_tree/room_stuff/zombie2",
			"processors": "minecraft:empty",
			"projection": "rigid",
			"element_type": "minecraft:single_pool_element"
		}
	},
	{
		"weight": 13,
		"element": {
			"location": "ddungeons:dungeon_tree/room_stuff/fountain1",
			"processors": "minecraft:empty",
			"projection": "rigid",
			"element_type": "minecraft:single_pool_element"
		}
	},
	{
		"weight": 9,
		"element": {
			"location": "ddungeons:dungeon_tree/room_stuff/fountain2",
			"processors": "minecraft:empty",
			"projection": "rigid",
			"element_type": "minecraft:single_pool_element"
		}
	},
	{
		"weight": 19,
		"element": {
			"location": "ddungeons:dungeon_tree/room_stuff/zombie3",
			"processors": "minecraft:empty",
			"projection": "rigid",
			"element_type": "minecraft:single_pool_element"
		}
	},
	{
		"weight": 17,
		"element": {
			"location": "ddungeons:dungeon_tree/room_stuff/zombie4",
			"processors": "minecraft:empty",
			"projection": "rigid",
			"element_type": "minecraft:single_pool_element"
		}
	},
	{
		"weight": 22,
		"element": {
			"location": "ddungeons:dungeon_tree/room_stuff/spider1",
			"processors": "minecraft:empty",
			"projection": "rigid",
			"element_type": "minecraft:single_pool_element"
		}
	},
	{
		"weight": 20,
		"element": {
			"location": "ddungeons:dungeon_tree/room_stuff/spider2",
			"processors": "minecraft:empty",
			"projection": "rigid",
			"element_type": "minecraft:single_pool_element"
		}
	},
	{
		"weight": 7,
		"element": {
			"location": "ddungeons:dungeon_tree/room_stuff/skeleton3",
			"processors": "minecraft:empty",
			"projection": "rigid",
			"element_type": "minecraft:single_pool_element"
		}
	},
	{
		"weight": 10,
		"element": {
			"location": "ddungeons:dungeon_tree/room_stuff/bogged1",
			"processors": "minecraft:empty",
			"projection": "rigid",
			"element_type": "minecraft:single_pool_element"
		}
	},
	{
		"weight": 12,
		"element": {
			"location": "ddungeons:dungeon_tree/room_stuff/zombie5",
			"processors": "minecraft:empty",
			"projection": "rigid",
			"element_type": "minecraft:single_pool_element"
		}
	},
	{
		"weight": 11,
		"element": {
			"location": "ddungeons:dungeon_tree/room_stuff/zombie6",
			"processors": "minecraft:empty",
			"projection": "rigid",
			"element_type": "minecraft:single_pool_element"
		}
	},
	{
		"weight": 8,
		"element": {
			"location": "ddungeons:dungeon_tree/room_stuff/loot1",
			"processors": "minecraft:empty",
			"projection": "rigid",
			"element_type": "minecraft:single_pool_element"
		}
	},
	{
		"weight": 7,
		"element": {
			"location": "ddungeons:dungeon_tree/room_stuff/loot2",
			"processors": "minecraft:empty",
			"projection": "rigid",
			"element_type": "minecraft:single_pool_element"
		}
	},
	{
		"weight": 29,
		"element": {
			"location": "ddungeons:dungeon_tree/room_stuff/none1",
			"processors": "minecraft:empty",
			"projection": "rigid",
			"element_type": "minecraft:single_pool_element"
		}
	},
	{
		"weight": 26,
		"element": {
			"location": "ddungeons:dungeon_tree/room_stuff/none2",
			"processors": "minecraft:empty",
			"projection": "rigid",
			"element_type": "minecraft:single_pool_element"
		}
	},
	{
		"weight": 6,
		"element": {
			"location": "ddungeons:dungeon_tree/room_stuff/rare1",
			"processors": "minecraft:empty",
			"projection": "rigid",
			"element_type": "minecraft:single_pool_element"
		}
	},
	{
		"weight": 5,
		"element": {
			"location": "ddungeons:dungeon_tree/room_stuff/rare2",
			"processors": "minecraft:empty",
			"projection": "rigid",
			"element_type": "minecraft:single_pool_element"
		}
	},
	{
		"weight": 4,
		"element": {
			"location": "ddungeons:dungeon_tree/room_stuff/rare3",
			"processors": "minecraft:empty",
			"projection": "rigid",
			"element_type": "minecraft:single_pool_element"
		}
	},
	{
		"weight": 3,
		"element": {
			"location": "ddungeons:dungeon_tree/room_stuff/rare4",
			"processors": "minecraft:empty",
			"projection": "rigid",
			"element_type": "minecraft:single_pool_element"
		}
	},
	{
		"weight": 25,
		"element": {
			"location": "ddungeons:dungeon_tree/room_stuff/light5",
			"processors": "minecraft:empty",
			"projection": "rigid",
			"element_type": "minecraft:single_pool_element"
		}
	},
	{
		"weight": 25,
		"element": {
			"location": "ddungeons:dungeon_tree/room_stuff/none3",
			"processors": "minecraft:empty",
			"projection": "rigid",
			"element_type": "minecraft:single_pool_element"
		}
	},
	{
		"weight": 1,
		"element": {
			"location": "ddungeons:dungeon_tree/room_stuff/toilet",
			"processors": "minecraft:empty",
			"projection": "rigid",
			"element_type": "minecraft:single_pool_element"
		}
	}]
}