{
	"name": "ddungeons:village_nether/lights",
	"fallback": "minecraft:empty",
	"elements": [{
		"weight": 4,
		"element": {
			"location": "ddungeons:village_nether/lights/light1",
			"processors": "minecraft:empty",
			"projection": "rigid",
			"element_type": "minecraft:single_pool_element"
		}
	},
{
		"weight": 4,
		"element": {
			"location": "ddungeons:village_nether/lights/light2",
			"processors": "minecraft:empty",
			"projection": "rigid",
			"element_type": "minecraft:single_pool_element"
		}
	},
{
		"weight": 4,
		"element": {
			"location": "ddungeons:village_nether/lights/light3",
			"processors": "minecraft:empty",
			"projection": "rigid",
			"element_type": "minecraft:single_pool_element"
		}
	},
{
		"weight": 4,
		"element": {
			"location": "ddungeons:village_nether/lights/light4",
			"processors": "minecraft:empty",
			"projection": "rigid",
			"element_type": "minecraft:single_pool_element"
		}
	},{
		"weight": 1,
		"element": {
			"location": "ddungeons:village_nether/lights/light5",
			"processors": "minecraft:empty",
			"projection": "rigid",
			"element_type": "minecraft:single_pool_element"
		}
	}]
}