{
	"name": "ddungeons:village_nether/roads",
	"fallback": "minecraft:empty",
	"elements": [{
		"weight": 2,
		"element": {
			"location": "ddungeons:village_nether/road_ends/road_end1",
			"processors": "minecraft:empty",
			"projection": "rigid",
			"element_type": "minecraft:single_pool_element"
		}
	},
{
		"weight": 2,
		"element": {
			"location": "ddungeons:village_nether/road_ends/road_end2",
			"processors": "minecraft:empty",
			"projection": "rigid",
			"element_type": "minecraft:single_pool_element"
		}
	},{
		"weight": 2,
		"element": {
			"location": "ddungeons:village_nether/road_ends/road_end3",
			"processors": "minecraft:empty",
			"projection": "rigid",
			"element_type": "minecraft:single_pool_element"
		}
	},
{
		"weight": 2,
		"element": {
			"location": "ddungeons:village_nether/road_ends/road_end4",
			"processors": "minecraft:empty",
			"projection": "rigid",
			"element_type": "minecraft:single_pool_element"
		}
	},{
		"weight": 2,
		"element": {
			"location": "ddungeons:village_nether/road_ends/road_end5",
			"processors": "minecraft:empty",
			"projection": "rigid",
			"element_type": "minecraft:single_pool_element"
		}
	}]
}