{
	"name": "ddungeons:village_nether/trailers",
	"fallback": "minecraft:empty",
	"elements": [{
		"weight": 4,
		"element": {
			"location": "ddungeons:village_nether/trailers/trailer_crimson",
			"processors": "minecraft:empty",
			"projection": "rigid",
			"element_type": "minecraft:single_pool_element"
		}
	},{
		"weight": 4,
		"element": {
			"location": "ddungeons:village_nether/trailers/trailer_warped",
			"processors": "minecraft:empty",
			"projection": "rigid",
			"element_type": "minecraft:single_pool_element"
		}
	},{
		"weight": 1,
		"element": {
			"location": "ddungeons:village_nether/trailers/tent1",
			"processors": "minecraft:empty",
			"projection": "rigid",
			"element_type": "minecraft:single_pool_element"
		}
	},{
		"weight": 1,
		"element": {
			"location": "ddungeons:village_nether/trailers/tent2",
			"processors": "minecraft:empty",
			"projection": "rigid",
			"element_type": "minecraft:single_pool_element"
		}
	}]
}