{
	"name": "ddungeons:village_nether/farms",
	"fallback": "minecraft:empty",
	"elements": [{
		"weight": 4,
		"element": {
			"location": "ddungeons:village_nether/farms/farmland1",
			"processors": "minecraft:empty",
			"projection": "rigid",
			"element_type": "minecraft:single_pool_element"
		}
	},{
		"weight": 4,
		"element": {
			"location": "ddungeons:village_nether/farms/farmland2",
			"processors": "minecraft:empty",
			"projection": "rigid",
			"element_type": "minecraft:single_pool_element"
		}
	},{
		"weight": 4,
		"element": {
			"location": "ddungeons:village_nether/farms/farmland3",
			"processors": "minecraft:empty",
			"projection": "rigid",
			"element_type": "minecraft:single_pool_element"
		}
	},{
		"weight": 4,
		"element": {
			"location": "ddungeons:village_nether/farms/farmland4",
			"processors": "minecraft:empty",
			"projection": "rigid",
			"element_type": "minecraft:single_pool_element"
		}
	},{
		"weight": 2,
		"element": {
			"location": "ddungeons:village_nether/farms/strider",
			"processors": "minecraft:empty",
			"projection": "rigid",
			"element_type": "minecraft:single_pool_element"
		}
	}]
}