{
	"biomes": "#ddungeons:has_structure/skelefort",
	"spawn_overrides": {
    "ambient": {
      "bounding_box": "full",
      "spawns": []
    },
    "axolotls": {
      "bounding_box": "full",
      "spawns": []
    },
    "creature": {
      "bounding_box": "full",
      "spawns": []
    },
    "misc": {
      "bounding_box": "full",
      "spawns": []
    },
    "monster": {
      "bounding_box": "full",
      "spawns": []
    },
    "underground_water_creature": {
      "bounding_box": "full",
      "spawns": []
    },
    "water_ambient": {
      "bounding_box": "full",
      "spawns": []
    },
    "water_creature": {
      "bounding_box": "full",
      "spawns": []
    }
  },
	"type": "minecraft:jigsaw",
	"start_pool": "ddungeons:skelefort/enters/enter",
	"max_distance_from_center": 116,
	
	 "start_height": {
    "type": "minecraft:uniform",
    "min_inclusive": {
      "absolute": 33
    },
    "max_inclusive": {
      "absolute": 60
    }
  },
  "step": "surface_structures",
  "size": 12,
	"use_expansion_hack": false,
	"terrain_adaptation": "beard_box"
	
}