{
    "type": "vault",
    "pools": [
      {
        "rolls": 3,
        "entries": [
          {
            "type": "item",
            "weight": 1,
            "name": "minecraft:diamond",
            "functions": [
              {
                "function": "set_count",
                "count": 1
              }
            ]
          },
          {
            "type": "item",
            "weight": 3,
            "name": "minecraft:shield",
            "functions": [
              {
                "function": "set_count",
                "count": 1
              },
              {
                "function": "set_components",
                "components": {
                  "minecraft:fire_resistant": {},
                  "minecraft:rarity": "epic",
                  "minecraft:enchantments": {
                    "levels": {
                      "minecraft:unbreaking": 3
                    }
                  },
                  "minecraft:attribute_modifiers": [
                    {
                      "id": "armor",
                      "type": "generic.armor",
                      "amount": 4,
                      "operation": "add_value",
                      "slot": "offhand"
                    },
                    {
                      "id": "knockback_resistance",
                      "type": "generic.knockback_resistance",
                      "amount": 0.1,
                      "operation": "add_value",
                      "slot": "offhand"
                    }
                  ]
                }
              },
              {
                "function": "set_damage",
                "damage": {
                  "min": 0.7,
                  "max": 0.85
                }
              },
              {
                "function": "set_name",
                "name": [
                  {
                    "text": "Heavy Shield"
                  }
                ],
                "target": "item_name"
              }
            ]
          },
          {
            "type": "item",
            "weight": 3,
            "name": "minecraft:bow",
            "functions": [
              {
                "function": "set_count",
                "count": 1
              },
              {
                "function": "set_components",
                "components": {
                  "minecraft:enchantments": {
                    "levels": {
                      "minecraft:piercing": 1
                    }
                  }
                }
              }
            ]
          },
          {
            "type": "item",
            "weight": 3,
            "name": "minecraft:enchanted_book",
            "functions": [
              {
                "function": "set_count",
                "count": 1
              },
              {
                "function": "set_components",
                "components": {
                  "minecraft:stored_enchantments": {
                    "levels": {
                      "minecraft:mending": 1
                    }
                  }
                }
              }
            ]
          },
          {
            "type": "item",
            "weight": 6,
            "name": "minecraft:enchanted_book",
            "functions": [
              {
                "function": "set_count",
                "count": 1
              },
              {
                "function": "set_components",
                "components": {
                  "minecraft:stored_enchantments": {
                    "levels": {
                      "ddungeons:exploding_curse": 1
                    }
                  }
                }
              }
            ]
          },
          {
            "type": "item",
            "weight": 4,
            "name": "minecraft:enchanted_book",
            "functions": [
              {
                "function": "set_count",
                "count": 1
              },
              {
                "function": "set_components",
                "components": {
                  "minecraft:stored_enchantments": {
                    "levels": {
                      "minecraft:fire_aspect": 3
                    }
                  }
                }
              }
            ]
          },
          {
            "type": "item",
            "weight": 5,
            "name": "minecraft:gold_block",
            "functions": [
              {
                "function": "set_count",
                "count": {
                  "min": 1,
                  "max": 6
                }
              }
            ]
          },
          {
            "type": "item",
            "weight": 6,
            "name": "minecraft:iron_block",
            "functions": [
              {
                "function": "set_count",
                "count": {
                  "min": 1,
                  "max": 2
                }
              }
            ]
          },
          {
            "type": "item",
            "weight": 8,
            "name": "minecraft:blaze_rod",
            "functions": [
              {
                "function": "set_count",
                "count": {
                  "min": 4,
                  "max": 6
                }
              }
            ]
          },
          {
            "type": "item",
            "weight": 7,
            "name": "minecraft:crying_obsidian",
            "functions": [
              {
                "function": "set_count",
                "count": 4
              }
            ]
          },
          {
            "type": "item",
            "weight": 10,
            "name": "minecraft:cooked_chicken",
            "functions": [
              {
                "function": "set_count",
                "count": {
                  "min": 16,
                  "max": 24
                }
              }
            ]
          }
        ]
      }
    ]
  }