{
    "type": "vault",
    "pools": [
      {
        "rolls": 3,
        "entries": [
          {
            "type": "item",
            "weight": 3,
            "name": "minecraft:diamond_chestplate",
            "functions": [
              {
                "function": "set_count",
                "count": 1
              },
              {
                "function": "set_components",
                "components": {
                  "minecraft:enchantments": {
                    "levels": {
                      "ddungeons:combusting": 3
                    }
                  }
                }
              }
            ]
          },
          {
            "type": "item",
            "weight": 4,
            "name": "minecraft:diamond_chestplate",
            "functions": [
              {
                "function": "set_count",
                "count": 1
              },
              {
                "function": "set_components",
                "components": {
                  "minecraft:enchantments": {
                    "levels": {
                      "ddungeons:combusting": 2
                    }
                  }
                }
              }
            ]
          },
          {
            "type": "item",
            "weight": 4,
            "name": "minecraft:diamond_chestplate",
            "functions": [
              {
                "function": "set_count",
                "count": 1
              },
              {
                "function": "set_components",
                "components": {
                  "minecraft:enchantments": {
                    "levels": {
                      "ddungeons:combusting": 1
                    }
                  }
                }
              }
            ]
          },
          {
            "type": "item",
            "weight": 4,
            "name": "minecraft:diamond_chestplate",
            "functions": [
              {
                "function": "set_count",
                "count": 1
              },
              {
                "function": "set_components",
                "components": {
                  "minecraft:enchantments": {
                    "levels": {
                      "ddungeons:exploding_curse": 1
                    }
                  }
                }
              }
            ]
          },
          {
            "type": "item",
            "weight": 3,
            "name": "minecraft:blaze_rod",
            "functions": [
              {
                "function": "set_count",
                "count": 1
              },
              {
                "function": "set_components",
                "components": {
                  "minecraft:enchantments": {
                    "levels": {
                      "minecraft:fire_aspect": 3
                    }
                  }
                }
              }
            ]
          },
          {
            "type": "item",
            "weight": 3,
            "name": "minecraft:bone",
            "functions": [
              {
                "function": "set_count",
                "count": 1
              },
              {
                "function": "set_components",
                "components": {
                  "minecraft:enchantments": {
                    "levels": {
                      "minecraft:wind_burst": 3
                    }
                  }
                }
              }
            ]
          },
          {
            "type": "item",
            "weight": 1,
            "name": "minecraft:ancient_debris",
            "functions": [
              {
                "function": "set_count",
                "count": 1
              }
            ]
          },
          {
            "type": "item",
            "weight": 2,
            "name": "minecraft:rib_armor_trim_smithing_template",
            "functions": [
              {
                "function": "set_count",
                "count": 1
              }
            ]
          },
          {
            "type": "item",
            "weight": 3,
            "name": "minecraft:diamond_block",
            "functions": [
              {
                "function": "set_count",
                "count": 1
              }
            ]
          },
          {
            "type": "item",
            "weight": 6,
            "name": "minecraft:diamond",
            "functions": [
              {
                "function": "set_count",
                "count": {
                  "min": 4,
                  "max": 5
                }
              }
            ]
          },
          {
            "type": "item",
            "weight": 7,
            "name": "minecraft:enchanted_book",
            "functions": [
              {
                "function": "set_count",
                "count": 1
              },
              {
                "function": "set_components",
                "components": {
                  "minecraft:stored_enchantments": {
                    "levels": {
                      "minecraft:mending": 1
                    }
                  }
                }
              }
            ]
          },
          {
            "type": "item",
            "weight": 3,
            "name": "minecraft:enchanted_book",
            "functions": [
              {
                "function": "set_count",
                "count": 1
              },
              {
                "function": "set_components",
                "components": {
                  "minecraft:stored_enchantments": {
                    "levels": {
                      "ddungeons:exploder_enchant": 2
                    }
                  }
                }
              }
            ]
          },
          {
            "type": "item",
            "weight": 1,
            "name": "minecraft:enchanted_book",
            "functions": [
              {
                "function": "set_count",
                "count": 1
              },
              {
                "function": "set_components",
                "components": {
                  "minecraft:stored_enchantments": {
                    "levels": {
                      "ddungeons:exploder_enchant": 3
                    }
                  }
                }
              }
            ]
          },
          {
            "type": "item",
            "weight": 7,
            "name": "minecraft:enchanted_book",
            "functions": [
              {
                "function": "set_count",
                "count": 1
              },
              {
                "function": "set_components",
                "components": {
                  "minecraft:stored_enchantments": {
                    "levels": {
                      "ddungeons:pocket_sand_curse": 1,
                      "minecraft:respiration": 1
                    }
                  }
                }
              }
            ]
          },
          {
            "type": "item",
            "weight": 8,
            "name": "minecraft:wither_skeleton_skull",
            "functions": [
              {
                "function": "set_count",
                "count": 1
              }
            ]
          },
          {
            "type": "item",
            "weight": 10,
            "name": "minecraft:cooked_chicken",
            "functions": [
              {
                "function": "set_count",
                "count": 16
              }
            ]
          }
        ]
      }
    ]
  }