{
  "type": "minecraft:equipment",
  "pools": [
    {
      "bonus_rolls": 0.0,
      "entries": [
        {
          "type": "minecraft:loot_table",
          "value": {
            "pools": [
              {
                "bonus_rolls": 0.0,
                "conditions": [
                  {
                    "chance": 0.6,
                    "condition": "minecraft:random_chance"
                  }
                ],
                "entries": [
                  {
                    "type": "minecraft:item",
                    "functions": [],
                    "name": "minecraft:chainmail_helmet"
                  }
                ],
                "rolls": 1.0
              },
              {
                "bonus_rolls": 0.0,
                "conditions": [
                  {
                    "chance": 0.6,
                    "condition": "minecraft:random_chance"
                  }
                ],
                "entries": [
                  {
                    "type": "minecraft:item",
                    "functions": [],
                    "name": "minecraft:chainmail_chestplate"
                  }
                ],
                "rolls": 1.0
              },
              {
                "bonus_rolls": 0.0,
                "conditions": [
                  {
                    "chance": 0.6,
                    "condition": "minecraft:random_chance"
                  }
                ],
                "entries": [
                  {
                    "type": "minecraft:item",
                    "name": "minecraft:stone_sword"
                  }
                ],
                "rolls": 1.0
              }
            ]
          },
          "weight": 4
        },
        {
          "type": "minecraft:loot_table",
          "value": {
            "pools": [
              {
                "bonus_rolls": 0.0,
                "conditions": [
                  {
                    "chance": 0.4,
                    "condition": "minecraft:random_chance"
                  }
                ],
                "entries": [
                  {
                    "type": "minecraft:item",
                    "functions": [],
                    "name": "minecraft:iron_helmet"
                  }
                ],
                "rolls": 1.0
              },
              {
                "bonus_rolls": 0.0,
                "conditions": [
                  {
                    "chance": 0.4,
                    "condition": "minecraft:random_chance"
                  }
                ],
                "entries": [
                  {
                    "type": "minecraft:item",
                    "functions": [],
                    "name": "minecraft:iron_chestplate"
                  }
                ],
                "rolls": 1.0
              },
              {
                "bonus_rolls": 0.0,
                "conditions": [
                  {
                    "chance": 0.4,
                    "condition": "minecraft:random_chance"
                  }
                ],
                "entries": [
                  {
                    "type": "minecraft:item",
                    "name": "minecraft:stone_hoe"
                  }
                ],
                "rolls": 1.0
              }
            ]
          }
        },
        {
          "type": "minecraft:loot_table",
          "value": {
            "pools": [
              {
                "bonus_rolls": 0.0,
                "conditions": [
                  {
                    "chance": 0.8,
                    "condition": "minecraft:random_chance"
                  }
                ],
                "entries": [
                  {
                    "type": "minecraft:item",
                    "functions": [],
                    "name": "minecraft:golden_helmet"
                  }
                ],
                "rolls": 1.0
              },
              {
                "bonus_rolls": 0.0,
                "conditions": [
                  {
                    "chance": 0.8,
                    "condition": "minecraft:random_chance"
                  }
                ],
                "entries": [
                  {
                    "type": "minecraft:item",
                    "functions": [],
                    "name": "minecraft:golden_chestplate"
                  }
                ],
                "rolls": 1.0
              },
              {
                "bonus_rolls": 0.0,
                "conditions": [
                  {
                    "chance": 0.8,
                    "condition": "minecraft:random_chance"
                  }
                ],
                "entries": [
                  {
                    "type": "minecraft:item",
                    "name": "minecraft:golden_sword"
                  }
                ],
                "rolls": 1.0
              }
            ]
          }
        }
      ],
      "rolls": 1.0
    }
  ]
}