{
	"name": "ddungeons:dungeon_tree/rooms",
	"fallback": "ddungeons:dungeon_tree/walls",
	"elements": [{
		"weight": 8,
		"element": {
			"location": "ddungeons:dungeon_tree/rooms/basic_room1",
			"processors": "minecraft:empty",
			"projection": "rigid",
			"element_type": "minecraft:single_pool_element"
		}
	},
    {
		"weight": 7,
		"element": {
			"location": "ddungeons:dungeon_tree/rooms/basic_room2",
			"processors": "minecraft:empty",
			"projection": "rigid",
			"element_type": "minecraft:single_pool_element"
		}
	},
    {
		"weight": 6,
		"element": {
			"location": "ddungeons:dungeon_tree/rooms/basic_room3",
			"processors": "minecraft:empty",
			"projection": "rigid",
			"element_type": "minecraft:single_pool_element"
		}
	},
    {
		"weight": 2,
		"element": {
			"location": "ddungeons:dungeon_tree/rooms/basic_room4",
			"processors": "minecraft:empty",
			"projection": "rigid",
			"element_type": "minecraft:single_pool_element"
		}
	},
	{
		"weight": 3,
		"element": {
			"location": "ddungeons:dungeon_tree/rooms/big_room1",
			"processors": "minecraft:empty",
			"projection": "rigid",
			"element_type": "minecraft:single_pool_element"
		}
	},
    {
		"weight": 3,
		"element": {
			"location": "ddungeons:dungeon_tree/rooms/big_room2",
			"processors": "minecraft:empty",
			"projection": "rigid",
			"element_type": "minecraft:single_pool_element"
		}
	},
	{
		"weight": 2,
		"element": {
			"location": "ddungeons:dungeon_tree/rooms/long_room1",
			"processors": "minecraft:empty",
			"projection": "rigid",
			"element_type": "minecraft:single_pool_element"
		}
	},
    {
		"weight": 2,
		"element": {
			"location": "ddungeons:dungeon_tree/rooms/long_room2",
			"processors": "minecraft:empty",
			"projection": "rigid",
			"element_type": "minecraft:single_pool_element"
		}
	},
	{
		"weight": 3,
		"element": {
			"location": "ddungeons:dungeon_tree/rooms/l_room1",
			"processors": "minecraft:empty",
			"projection": "rigid",
			"element_type": "minecraft:single_pool_element"
		}
	},
    {
		"weight": 3,
		"element": {
			"location": "ddungeons:dungeon_tree/rooms/l_room2",
			"processors": "minecraft:empty",
			"projection": "rigid",
			"element_type": "minecraft:single_pool_element"
		}
	}]
}