{
	"name": "ddungeons:skelefort/sixth_rooms/sixth_room",
	"fallback": "ddungeons:skelefort/sixth_rooms/sixth_room",
	"elements": [{
		"weight": 1,
		"element": {
			"location": "ddungeons:skelefort/sixth_rooms/sixth_room1",
			"processors": "minecraft:empty",
			"projection": "rigid",
			"element_type": "minecraft:single_pool_element"
		}
	},
	{
		"weight": 1,
		"element": {
			"location": "ddungeons:skelefort/sixth_rooms/sixth_room2",
			"processors": "minecraft:empty",
			"projection": "rigid",
			"element_type": "minecraft:single_pool_element"
		}
	}]
}