{
	"name": "ddungeons:village_nether/roads",
	"fallback": "ddungeons:village_nether/road_ends",
	"elements": [{
		"weight": 3,
		"element": {
			"element_type": "minecraft:empty_pool_element"
		}
	},{
		"weight": 3,
		"element": {
			"location": "ddungeons:village_nether/roads/road_straight1",
			"processors": "minecraft:empty",
			"projection": "rigid",
			"element_type": "minecraft:single_pool_element"
		}
	},
{
		"weight": 3,
		"element": {
			"location": "ddungeons:village_nether/roads/road_straight3",
			"processors": "minecraft:empty",
			"projection": "rigid",
			"element_type": "minecraft:single_pool_element"
		}
	},{
		"weight": 2,
		"element": {
			"location": "ddungeons:village_nether/roads/road_curve1",
			"processors": "minecraft:empty",
			"projection": "rigid",
			"element_type": "minecraft:single_pool_element"
		}
	},
{
		"weight": 2,
		"element": {
			"location": "ddungeons:village_nether/roads/road_curve2",
			"processors": "minecraft:empty",
			"projection": "rigid",
			"element_type": "minecraft:single_pool_element"
		}
	},{
		"weight": 2,
		"element": {
			"location": "ddungeons:village_nether/roads/road_t",
			"processors": "minecraft:empty",
			"projection": "rigid",
			"element_type": "minecraft:single_pool_element"
		}
	},
{
		"weight": 1,
		"element": {
			"location": "ddungeons:village_nether/roads/roadx1",
			"processors": "minecraft:empty",
			"projection": "rigid",
			"element_type": "minecraft:single_pool_element"
		}
	},{
		"weight": 1,
		"element": {
			"location": "ddungeons:village_nether/roads/roadx2",
			"processors": "minecraft:empty",
			"projection": "rigid",
			"element_type": "minecraft:single_pool_element"
		}
	}]
}