{
    "type": "chest",
    "pools": [
      {
        "rolls": 6,
        "entries": [
          {
            "type": "item",
            "weight": 5,
            "name": "minecraft:ice",
            "functions": [
              {
                "function": "set_count",
                "count": {
                  "min": 2,
                  "max": 5
                }
              }
            ]
          },
          {
            "type": "item",
            "weight": 3,
            "name": "minecraft:quartz",
            "functions": [
              {
                "function": "set_count",
                "count": {
                  "min": 4,
                  "max": 16
                }
              }
            ]
          },
          {
            "type": "item",
            "weight": 2,
            "name": "minecraft:ominous_bottle",
            "functions": [
              {
                "function": "set_count",
                "count": {
                  "min": 1,
                  "max": 1
                }
              }
            ]
          },
          {
            "type": "item",
            "weight": 2,
            "name": "minecraft:iron_ingot",
            "functions": [
              {
                "function": "set_count",
                "count": {
                  "min": 3,
                  "max": 4
                }
              }
            ]
          },
          {
            "type": "item",
            "weight": 1,
            "name": "minecraft:splash_potion",
            "functions": [
              {
                "function": "set_count",
                "count": 1
              },
              {
                "function": "set_components",
                "components": {
                  "minecraft:potion_contents": {
                    "potion": "minecraft:strong_slowness"
                  }
                }
              }
            ]
          },
          {
            "type": "item",
            "weight": 1,
            "name": "minecraft:splash_potion",
            "functions": [
              {
                "function": "set_count",
                "count": 1
              },
              {
                "function": "set_components",
                "components": {
                  "minecraft:potion_contents": {
                    "potion": "minecraft:poison"
                  }
                }
              }
            ]
          },
          {
            "type": "item",
            "weight": 1,
            "name": "minecraft:potion",
            "functions": [
              {
                "function": "set_count",
                "count": 1
              },
              {
                "function": "set_components",
                "components": {
                  "minecraft:potion_contents": {
                    "potion": "minecraft:regeneration"
                  }
                }
              }
            ]
          },
          {
            "type": "item",
            "weight": 1,
            "name": "minecraft:potion",
            "functions": [
              {
                "function": "set_count",
                "count": 1
              },
              {
                "function": "set_components",
                "components": {
                  "minecraft:potion_contents": {
                    "potion": "minecraft:fire_resistance"
                  }
                }
              }
            ]
          },
          {
            "type": "item",
            "weight": 3,
            "name": "minecraft:glowstone_dust",
            "functions": [
              {
                "function": "set_count",
                "count": {
                  "min": 4,
                  "max": 8
                }
              }
            ]
          },
          {
            "type": "item",
            "weight": 6,
            "name": "minecraft:gold_ingot",
            "functions": [
              {
                "function": "set_count",
                "count": {
                  "min": 4,
                  "max": 6
                }
              }
            ]
          },
          {
            "type": "item",
            "weight": 4,
            "name": "minecraft:cooked_chicken",
            "functions": [
              {
                "function": "set_count",
                "count": {
                  "min": 2,
                  "max": 5
                }
              }
            ]
          },
          {
            "type": "item",
            "weight": 5,
            "name": "minecraft:chicken",
            "functions": [
              {
                "function": "set_count",
                "count": {
                  "min": 1,
                  "max": 3
                }
              }
            ]
          },
          {
            "type": "item",
            "weight": 2,
            "name": "minecraft:blue_ice",
            "functions": [
              {
                "function": "set_count",
                "count": {
                  "min": 1,
                  "max": 2
                }
              }
            ]
          },
          {
            "type": "item",
            "weight": 7,
            "name": "minecraft:packed_ice",
            "functions": [
              {
                "function": "set_count",
                "count": {
                  "min": 4,
                  "max": 5
                }
              }
            ]
          },
          {
            "type": "item",
            "weight": 1,
            "name": "minecraft:glistering_melon_slice",
            "functions": [
              {
                "function": "set_count",
                "count": {
                  "min": 1,
                  "max": 2
                }
              }
            ]
          },
          {
            "type": "item",
            "weight": 2,
            "name": "minecraft:baked_potato",
            "functions": [
              {
                "function": "set_count",
                "count": 3
              },
              {
                "function": "set_components",
                "components": {
                  "minecraft:food": {
                    "nutrition": 5,
                    "saturation": 3,
                    "can_always_eat": false,
                    "eat_seconds": 1.61,
                    "using_converts_to": {
                      "id": "minecraft:iron_nugget",
                      "count": 4,
                      "components": {
                        "minecraft:lore": [
                          "\"A single little crumb\""
                        ],
                        "minecraft:food": {
                          "nutrition": 1,
                          "saturation": 0,
                          "can_always_eat": false,
                          "eat_seconds": 0.865
                        }
                      }
                    }
                  }
                }
              },
              {
                "function": "set_name",
                "name": [
                  {
                    "text": "Chips"
                  }
                ],
                "target": "item_name"
              }
            ]
          },
          {
            "type": "item",
            "weight": 6,
            "name": "minecraft:iron_nugget",
            "functions": [
              {
                "function": "set_count",
                "count": {
                  "min": 1,
                  "max": 3
                }
              },
              {
                "function": "set_components",
                "components": {
                  "minecraft:food": {
                    "nutrition": 1,
                    "saturation": 0,
                    "can_always_eat": false,
                    "eat_seconds": 0.865
                  }
                }
              },
              {
                "function": "set_name",
                "name": [
                  {
                    "text": "Crumb"
                  }
                ],
                "target": "item_name"
              },
              {
                "function": "set_lore",
                "lore": [
                  {
                    "text": "A single little crumb"
                  }
                ],
                "mode": "append"
              }
            ]
          },
          {
            "type": "item",
            "weight": 5,
            "name": "minecraft:stick",
            "functions": [
              {
                "function": "set_count",
                "count": {
                  "min": 1,
                  "max": 8
                }
              },
              {
                "function": "set_components",
                "components": {
                  "minecraft:fire_resistant": {},
                  "minecraft:food": {
                    "nutrition": 2,
                    "saturation": 2,
                    "can_always_eat": false,
                    "eat_seconds": 1.61,
                    "using_converts_to": {
                      "id": "minecraft:iron_nugget",
                      "count": 1,
                      "components": {
                        "minecraft:lore": [
                          "\"A single little crumb\""
                        ],
                        "minecraft:food": {
                          "nutrition": 1,
                          "saturation": 0,
                          "can_always_eat": false,
                          "eat_seconds": 0.865
                        }
                      }
                    }
                  }
                }
              },
              {
                "function": "set_name",
                "name": [
                  {
                    "text": "Pretzel Sticks"
                  }
                ],
                "target": "item_name"
              },
              {
                "function": "set_lore",
                "lore": [
                  {
                    "text": "Ew"
                  }
                ],
                "mode": "append"
              }
            ]
          }
        ]
      }
    ]
  }