{
  "type": "vault",
  "pools": [
    {
      "rolls": 3,
      "entries": [
        {
          "type": "item",
          "weight": 1,
          "name": "minecraft:potion",
          "functions": [
            {
              "function": "set_count",
              "count": 1
            },
            {
              "function": "set_components",
              "components": {
                "minecraft:hide_tooltip": {},
                "minecraft:potion_contents": {
                  "custom_color": 0,
                  "custom_effects": [
                    {
                      "id": "minecraft:wither",
                      "amplifier": 4,
                      "duration": 120,
                      "show_particles": false,
                      "show_icon": true,
                      "ambient": true
                    }
                  ]
                }
              }
            },
            {
              "function": "set_name",
              "name": [
                {
                  "bold": true,
                  "italic": false,
                  "obfuscated": true,
                  "strikethrough": false,
                  "text": "Datorade",
                  "underlined": false
                }
              ],
              "target": "item_name"
            }
          ]
        },
        {
          "type": "item",
          "weight": 1,
          "name": "minecraft:potion",
          "functions": [
            {
              "function": "set_count",
              "count": 1
            },
            {
              "function": "set_components",
              "components": {
                "minecraft:hide_tooltip": {},
                "minecraft:potion_contents": {
                  "custom_color": 0,
                  "custom_effects": [
                    {
                      "id": "minecraft:wind_charged",
                      "amplifier": 4,
                      "duration": 3600,
                      "show_particles": false,
                      "show_icon": true,
                      "ambient": true
                    }
                  ]
                }
              }
            },
            {
              "function": "set_name",
              "name": [
                {
                  "bold": true,
                  "italic": false,
                  "obfuscated": true,
                  "strikethrough": false,
                  "text": "Datorade",
                  "underlined": false
                }
              ],
              "target": "item_name"
            }
          ]
        },
        {
          "type": "item",
          "weight": 1,
          "name": "minecraft:potion",
          "functions": [
            {
              "function": "set_count",
              "count": 1
            },
            {
              "function": "set_components",
              "components": {
                "minecraft:hide_tooltip": {},
                "minecraft:potion_contents": {
                  "custom_color": 0,
                  "custom_effects": [
                    {
                      "id": "minecraft:weaving",
                      "amplifier": 4,
                      "duration": 3600,
                      "show_particles": false,
                      "show_icon": true,
                      "ambient": true
                    }
                  ]
                }
              }
            },
            {
              "function": "set_name",
              "name": [
                {
                  "bold": true,
                  "italic": false,
                  "obfuscated": true,
                  "strikethrough": false,
                  "text": "Datorade",
                  "underlined": false
                }
              ],
              "target": "item_name"
            }
          ]
        },
        {
          "type": "item",
          "weight": 1,
          "name": "minecraft:potion",
          "functions": [
            {
              "function": "set_count",
              "count": 1
            },
            {
              "function": "set_components",
              "components": {
                "minecraft:hide_tooltip": {},
                "minecraft:potion_contents": {
                  "custom_color": 0,
                  "custom_effects": [
                    {
                      "id": "minecraft:weakness",
                      "amplifier": 4,
                      "duration": 3600,
                      "show_particles": false,
                      "show_icon": true,
                      "ambient": true
                    }
                  ]
                }
              }
            },
            {
              "function": "set_name",
              "name": [
                {
                  "bold": true,
                  "italic": false,
                  "obfuscated": true,
                  "strikethrough": false,
                  "text": "Datorade",
                  "underlined": false
                }
              ],
              "target": "item_name"
            }
          ]
        },
        {
          "type": "item",
          "weight": 1,
          "name": "minecraft:potion",
          "functions": [
            {
              "function": "set_count",
              "count": 1
            },
            {
              "function": "set_components",
              "components": {
                "minecraft:hide_tooltip": {},
                "minecraft:potion_contents": {
                  "custom_color": 0,
                  "custom_effects": [
                    {
                      "id": "minecraft:water_breathing",
                      "amplifier": 4,
                      "duration": 3600,
                      "show_particles": false,
                      "show_icon": true,
                      "ambient": true
                    }
                  ]
                }
              }
            },
            {
              "function": "set_name",
              "name": [
                {
                  "bold": true,
                  "italic": false,
                  "obfuscated": true,
                  "strikethrough": false,
                  "text": "Datorade",
                  "underlined": false
                }
              ],
              "target": "item_name"
            }
          ]
        },
        {
          "type": "item",
          "weight": 1,
          "name": "minecraft:potion",
          "functions": [
            {
              "function": "set_count",
              "count": 1
            },
            {
              "function": "set_components",
              "components": {
                "minecraft:hide_tooltip": {},
                "minecraft:potion_contents": {
                  "custom_color": 0,
                  "custom_effects": [
                    {
                      "id": "minecraft:unluck",
                      "amplifier": 4,
                      "duration": 3600,
                      "show_particles": false,
                      "show_icon": true,
                      "ambient": true
                    }
                  ]
                }
              }
            },
            {
              "function": "set_name",
              "name": [
                {
                  "bold": true,
                  "italic": false,
                  "obfuscated": true,
                  "strikethrough": false,
                  "text": "Datorade",
                  "underlined": false
                }
              ],
              "target": "item_name"
            }
          ]
        },
        {
          "type": "item",
          "weight": 1,
          "name": "minecraft:potion",
          "functions": [
            {
              "function": "set_count",
              "count": 1
            },
            {
              "function": "set_components",
              "components": {
                "minecraft:hide_tooltip": {},
                "minecraft:potion_contents": {
                  "custom_color": 0,
                  "custom_effects": [
                    {
                      "id": "minecraft:strength",
                      "amplifier": 4,
                      "duration": 3600,
                      "show_particles": false,
                      "show_icon": true,
                      "ambient": true
                    }
                  ]
                }
              }
            },
            {
              "function": "set_name",
              "name": [
                {
                  "bold": true,
                  "italic": false,
                  "obfuscated": true,
                  "strikethrough": false,
                  "text": "Datorade",
                  "underlined": false
                }
              ],
              "target": "item_name"
            }
          ]
        },
        {
          "type": "item",
          "weight": 1,
          "name": "minecraft:potion",
          "functions": [
            {
              "function": "set_count",
              "count": 1
            },
            {
              "function": "set_components",
              "components": {
                "minecraft:hide_tooltip": {},
                "minecraft:potion_contents": {
                  "custom_color": 0,
                  "custom_effects": [
                    {
                      "id": "minecraft:speed",
                      "amplifier": 4,
                      "duration": 3600,
                      "show_particles": false,
                      "show_icon": true,
                      "ambient": true
                    }
                  ]
                }
              }
            },
            {
              "function": "set_name",
              "name": [
                {
                  "bold": true,
                  "italic": false,
                  "obfuscated": true,
                  "strikethrough": false,
                  "text": "Datorade",
                  "underlined": false
                }
              ],
              "target": "item_name"
            }
          ]
        },
        {
          "type": "item",
          "weight": 1,
          "name": "minecraft:potion",
          "functions": [
            {
              "function": "set_count",
              "count": 1
            },
            {
              "function": "set_components",
              "components": {
                "minecraft:hide_tooltip": {},
                "minecraft:potion_contents": {
                  "custom_color": 0,
                  "custom_effects": [
                    {
                      "id": "minecraft:slowness",
                      "amplifier": 4,
                      "duration": 3600,
                      "show_particles": false,
                      "show_icon": true,
                      "ambient": true
                    }
                  ]
                }
              }
            },
            {
              "function": "set_name",
              "name": [
                {
                  "bold": true,
                  "italic": false,
                  "obfuscated": true,
                  "strikethrough": false,
                  "text": "Datorade",
                  "underlined": false
                }
              ],
              "target": "item_name"
            }
          ]
        },
        {
          "type": "item",
          "weight": 1,
          "name": "minecraft:potion",
          "functions": [
            {
              "function": "set_count",
              "count": 1
            },
            {
              "function": "set_components",
              "components": {
                "minecraft:hide_tooltip": {},
                "minecraft:potion_contents": {
                  "custom_color": 0,
                  "custom_effects": [
                    {
                      "id": "minecraft:slow_falling",
                      "amplifier": 4,
                      "duration": 3600,
                      "show_particles": false,
                      "show_icon": true,
                      "ambient": true
                    }
                  ]
                }
              }
            },
            {
              "function": "set_name",
              "name": [
                {
                  "bold": true,
                  "italic": false,
                  "obfuscated": true,
                  "strikethrough": false,
                  "text": "Datorade",
                  "underlined": false
                }
              ],
              "target": "item_name"
            }
          ]
        },
        {
          "type": "item",
          "weight": 1,
          "name": "minecraft:potion",
          "functions": [
            {
              "function": "set_count",
              "count": 1
            },
            {
              "function": "set_components",
              "components": {
                "minecraft:hide_tooltip": {},
                "minecraft:potion_contents": {
                  "custom_color": 0,
                  "custom_effects": [
                    {
                      "id": "minecraft:saturation",
                      "amplifier": 4,
                      "duration": 1,
                      "show_particles": false,
                      "show_icon": true,
                      "ambient": true
                    }
                  ]
                }
              }
            },
            {
              "function": "set_name",
              "name": [
                {
                  "bold": true,
                  "italic": false,
                  "obfuscated": true,
                  "strikethrough": false,
                  "text": "Datorade",
                  "underlined": false
                }
              ],
              "target": "item_name"
            }
          ]
        },
        {
          "type": "item",
          "weight": 1,
          "name": "minecraft:potion",
          "functions": [
            {
              "function": "set_count",
              "count": 1
            },
            {
              "function": "set_components",
              "components": {
                "minecraft:hide_tooltip": {},
                "minecraft:potion_contents": {
                  "custom_color": 0,
                  "custom_effects": [
                    {
                      "id": "minecraft:resistance",
                      "amplifier": 4,
                      "duration": 3600,
                      "show_particles": false,
                      "show_icon": true,
                      "ambient": true
                    }
                  ]
                }
              }
            },
            {
              "function": "set_name",
              "name": [
                {
                  "bold": true,
                  "italic": false,
                  "obfuscated": true,
                  "strikethrough": false,
                  "text": "Datorade",
                  "underlined": false
                }
              ],
              "target": "item_name"
            }
          ]
        },
        {
          "type": "item",
          "weight": 1,
          "name": "minecraft:potion",
          "functions": [
            {
              "function": "set_count",
              "count": 1
            },
            {
              "function": "set_components",
              "components": {
                "minecraft:hide_tooltip": {},
                "minecraft:potion_contents": {
                  "custom_color": 0,
                  "custom_effects": [
                    {
                      "id": "minecraft:regeneration",
                      "amplifier": 4,
                      "duration": 3600,
                      "show_particles": false,
                      "show_icon": true,
                      "ambient": true
                    }
                  ]
                }
              }
            },
            {
              "function": "set_name",
              "name": [
                {
                  "bold": true,
                  "italic": false,
                  "obfuscated": true,
                  "strikethrough": false,
                  "text": "Datorade",
                  "underlined": false
                }
              ],
              "target": "item_name"
            }
          ]
        },
        {
          "type": "item",
          "weight": 1,
          "name": "minecraft:potion",
          "functions": [
            {
              "function": "set_count",
              "count": 1
            },
            {
              "function": "set_components",
              "components": {
                "minecraft:hide_tooltip": {},
                "minecraft:potion_contents": {
                  "custom_color": 0,
                  "custom_effects": [
                    {
                      "id": "minecraft:poison",
                      "amplifier": 4,
                      "duration": 3600,
                      "show_particles": false,
                      "show_icon": true,
                      "ambient": true
                    }
                  ]
                }
              }
            },
            {
              "function": "set_name",
              "name": [
                {
                  "bold": true,
                  "italic": false,
                  "obfuscated": true,
                  "strikethrough": false,
                  "text": "Datorade",
                  "underlined": false
                }
              ],
              "target": "item_name"
            }
          ]
        },
        {
          "type": "item",
          "weight": 1,
          "name": "minecraft:potion",
          "functions": [
            {
              "function": "set_count",
              "count": 1
            },
            {
              "function": "set_components",
              "components": {
                "minecraft:hide_tooltip": {},
                "minecraft:potion_contents": {
                  "custom_color": 0,
                  "custom_effects": [
                    {
                      "id": "minecraft:oozing",
                      "amplifier": 4,
                      "duration": 3600,
                      "show_particles": false,
                      "show_icon": true,
                      "ambient": true
                    }
                  ]
                }
              }
            },
            {
              "function": "set_name",
              "name": [
                {
                  "bold": true,
                  "italic": false,
                  "obfuscated": true,
                  "strikethrough": false,
                  "text": "Datorade",
                  "underlined": false
                }
              ],
              "target": "item_name"
            }
          ]
        },
        {
          "type": "item",
          "weight": 1,
          "name": "minecraft:potion",
          "functions": [
            {
              "function": "set_count",
              "count": 1
            },
            {
              "function": "set_components",
              "components": {
                "minecraft:hide_tooltip": {},
                "minecraft:potion_contents": {
                  "custom_color": 0,
                  "custom_effects": [
                    {
                      "id": "minecraft:night_vision",
                      "amplifier": 4,
                      "duration": 3600,
                      "show_particles": false,
                      "show_icon": true,
                      "ambient": true
                    }
                  ]
                }
              }
            },
            {
              "function": "set_name",
              "name": [
                {
                  "bold": true,
                  "italic": false,
                  "obfuscated": true,
                  "strikethrough": false,
                  "text": "Datorade",
                  "underlined": false
                }
              ],
              "target": "item_name"
            }
          ]
        },
        {
          "type": "item",
          "weight": 1,
          "name": "minecraft:potion",
          "functions": [
            {
              "function": "set_count",
              "count": 1
            },
            {
              "function": "set_components",
              "components": {
                "minecraft:hide_tooltip": {},
                "minecraft:potion_contents": {
                  "custom_color": 0,
                  "custom_effects": [
                    {
                      "id": "minecraft:nausea",
                      "amplifier": 4,
                      "duration": 2400
                    }
                  ]
                }
              }
            },
            {
              "function": "set_name",
              "name": [
                {
                  "bold": true,
                  "italic": false,
                  "obfuscated": true,
                  "strikethrough": false,
                  "text": "Datorade",
                  "underlined": false
                }
              ],
              "target": "item_name"
            }
          ]
        },
        {
          "type": "item",
          "weight": 1,
          "name": "minecraft:potion",
          "functions": [
            {
              "function": "set_count",
              "count": 1
            },
            {
              "function": "set_components",
              "components": {
                "minecraft:hide_tooltip": {},
                "minecraft:potion_contents": {
                  "custom_color": 0,
                  "custom_effects": [
                    {
                      "id": "minecraft:mining_fatigue",
                      "amplifier": 4,
                      "duration": 3600,
                      "show_particles": false,
                      "show_icon": true,
                      "ambient": true
                    }
                  ]
                }
              }
            },
            {
              "function": "set_name",
              "name": [
                {
                  "bold": true,
                  "italic": false,
                  "obfuscated": true,
                  "strikethrough": false,
                  "text": "Datorade",
                  "underlined": false
                }
              ],
              "target": "item_name"
            }
          ]
        },
        {
          "type": "item",
          "weight": 1,
          "name": "minecraft:potion",
          "functions": [
            {
              "function": "set_count",
              "count": 1
            },
            {
              "function": "set_components",
              "components": {
                "minecraft:hide_tooltip": {},
                "minecraft:potion_contents": {
                  "custom_color": 0,
                  "custom_effects": [
                    {
                      "id": "minecraft:luck",
                      "amplifier": 4,
                      "duration": 3600,
                      "show_particles": false,
                      "show_icon": true,
                      "ambient": true
                    }
                  ]
                }
              }
            },
            {
              "function": "set_name",
              "name": [
                {
                  "bold": true,
                  "italic": false,
                  "obfuscated": true,
                  "strikethrough": false,
                  "text": "Datorade",
                  "underlined": false
                }
              ],
              "target": "item_name"
            }
          ]
        },
        {
          "type": "item",
          "weight": 1,
          "name": "minecraft:potion",
          "functions": [
            {
              "function": "set_count",
              "count": 1
            },
            {
              "function": "set_components",
              "components": {
                "minecraft:hide_tooltip": {},
                "minecraft:potion_contents": {
                  "custom_color": 0,
                  "custom_effects": [
                    {
                      "id": "minecraft:levitation",
                      "amplifier": 4,
                      "duration": 3600,
                      "show_particles": false,
                      "show_icon": true,
                      "ambient": true
                    }
                  ]
                }
              }
            },
            {
              "function": "set_name",
              "name": [
                {
                  "bold": true,
                  "italic": false,
                  "obfuscated": true,
                  "strikethrough": false,
                  "text": "Datorade",
                  "underlined": false
                }
              ],
              "target": "item_name"
            }
          ]
        },
        {
          "type": "item",
          "weight": 1,
          "name": "minecraft:potion",
          "functions": [
            {
              "function": "set_count",
              "count": 1
            },
            {
              "function": "set_components",
              "components": {
                "minecraft:hide_tooltip": {},
                "minecraft:potion_contents": {
                  "custom_color": 0,
                  "custom_effects": [
                    {
                      "id": "minecraft:jump_boost",
                      "amplifier": 4,
                      "duration": 3600,
                      "show_particles": false,
                      "show_icon": true,
                      "ambient": true
                    }
                  ]
                }
              }
            },
            {
              "function": "set_name",
              "name": [
                {
                  "bold": true,
                  "italic": false,
                  "obfuscated": true,
                  "strikethrough": false,
                  "text": "Datorade",
                  "underlined": false
                }
              ],
              "target": "item_name"
            }
          ]
        },
        {
          "type": "item",
          "weight": 1,
          "name": "minecraft:potion",
          "functions": [
            {
              "function": "set_count",
              "count": 1
            },
            {
              "function": "set_components",
              "components": {
                "minecraft:hide_tooltip": {},
                "minecraft:potion_contents": {
                  "custom_color": 0,
                  "custom_effects": [
                    {
                      "id": "minecraft:invisibility",
                      "amplifier": 4,
                      "duration": 3600,
                      "show_particles": false,
                      "show_icon": true,
                      "ambient": true
                    }
                  ]
                }
              }
            },
            {
              "function": "set_name",
              "name": [
                {
                  "bold": true,
                  "italic": false,
                  "obfuscated": true,
                  "strikethrough": false,
                  "text": "Datorade",
                  "underlined": false
                }
              ],
              "target": "item_name"
            }
          ]
        },
        {
          "type": "item",
          "weight": 1,
          "name": "minecraft:potion",
          "functions": [
            {
              "function": "set_count",
              "count": 1
            },
            {
              "function": "set_components",
              "components": {
                "minecraft:hide_tooltip": {},
                "minecraft:potion_contents": {
                  "custom_color": 0,
                  "custom_effects": [
                    {
                      "id": "minecraft:instant_health",
                      "amplifier": 4,
                      "duration": 1,
                      "show_particles": false,
                      "show_icon": true,
                      "ambient": true
                    }
                  ]
                }
              }
            },
            {
              "function": "set_name",
              "name": [
                {
                  "bold": true,
                  "italic": false,
                  "obfuscated": true,
                  "strikethrough": false,
                  "text": "Datorade",
                  "underlined": false
                }
              ],
              "target": "item_name"
            }
          ]
        },
        {
          "type": "item",
          "weight": 1,
          "name": "minecraft:potion",
          "functions": [
            {
              "function": "set_count",
              "count": 1
            },
            {
              "function": "set_components",
              "components": {
                "minecraft:hide_tooltip": {},
                "minecraft:potion_contents": {
                  "custom_color": 0,
                  "custom_effects": [
                    {
                      "id": "minecraft:instant_damage",
                      "amplifier": 4,
                      "duration": 1,
                      "show_particles": false,
                      "show_icon": true,
                      "ambient": true
                    }
                  ]
                }
              }
            },
            {
              "function": "set_name",
              "name": [
                {
                  "bold": true,
                  "italic": false,
                  "obfuscated": true,
                  "strikethrough": false,
                  "text": "Datorade",
                  "underlined": false
                }
              ],
              "target": "item_name"
            }
          ]
        },
        {
          "type": "item",
          "weight": 1,
          "name": "minecraft:potion",
          "functions": [
            {
              "function": "set_count",
              "count": 1
            },
            {
              "function": "set_components",
              "components": {
                "minecraft:hide_tooltip": {},
                "minecraft:potion_contents": {
                  "custom_color": 0,
                  "custom_effects": [
                    {
                      "id": "minecraft:infested",
                      "amplifier": 4,
                      "duration": 3600,
                      "show_particles": false,
                      "show_icon": true,
                      "ambient": true
                    }
                  ]
                }
              }
            },
            {
              "function": "set_name",
              "name": [
                {
                  "bold": true,
                  "italic": false,
                  "obfuscated": true,
                  "strikethrough": false,
                  "text": "Datorade",
                  "underlined": false
                }
              ],
              "target": "item_name"
            }
          ]
        },
        {
          "type": "item",
          "weight": 1,
          "name": "minecraft:potion",
          "functions": [
            {
              "function": "set_count",
              "count": 1
            },
            {
              "function": "set_components",
              "components": {
                "minecraft:hide_tooltip": {},
                "minecraft:potion_contents": {
                  "custom_color": 0,
                  "custom_effects": [
                    {
                      "id": "minecraft:hunger",
                      "amplifier": 4,
                      "duration": 3600,
                      "show_particles": false,
                      "show_icon": true,
                      "ambient": true
                    }
                  ]
                }
              }
            },
            {
              "function": "set_name",
              "name": [
                {
                  "bold": true,
                  "italic": false,
                  "obfuscated": true,
                  "strikethrough": false,
                  "text": "Datorade",
                  "underlined": false
                }
              ],
              "target": "item_name"
            }
          ]
        },
        {
          "type": "item",
          "weight": 1,
          "name": "minecraft:potion",
          "functions": [
            {
              "function": "set_count",
              "count": 1
            },
            {
              "function": "set_components",
              "components": {
                "minecraft:hide_tooltip": {},
                "minecraft:potion_contents": {
                  "custom_color": 0,
                  "custom_effects": [
                    {
                      "id": "minecraft:hero_of_the_village",
                      "amplifier": 4,
                      "duration": 3600,
                      "show_particles": false,
                      "show_icon": true,
                      "ambient": true
                    }
                  ]
                }
              }
            },
            {
              "function": "set_name",
              "name": [
                {
                  "bold": true,
                  "italic": false,
                  "obfuscated": true,
                  "strikethrough": false,
                  "text": "Datorade",
                  "underlined": false
                }
              ],
              "target": "item_name"
            }
          ]
        },
        {
          "type": "item",
          "weight": 1,
          "name": "minecraft:potion",
          "functions": [
            {
              "function": "set_count",
              "count": 1
            },
            {
              "function": "set_components",
              "components": {
                "minecraft:hide_tooltip": {},
                "minecraft:potion_contents": {
                  "custom_color": 0,
                  "custom_effects": [
                    {
                      "id": "minecraft:health_boost",
                      "amplifier": 4,
                      "duration": 1200,
                      "show_particles": false,
                      "show_icon": true,
                      "ambient": true
                    }
                  ]
                }
              }
            },
            {
              "function": "set_name",
              "name": [
                {
                  "bold": true,
                  "italic": false,
                  "obfuscated": true,
                  "strikethrough": false,
                  "text": "Datorade",
                  "underlined": false
                }
              ],
              "target": "item_name"
            }
          ]
        },
        {
          "type": "item",
          "weight": 1,
          "name": "minecraft:potion",
          "functions": [
            {
              "function": "set_count",
              "count": 1
            },
            {
              "function": "set_components",
              "components": {
                "minecraft:hide_tooltip": {},
                "minecraft:potion_contents": {
                  "custom_color": 0,
                  "custom_effects": [
                    {
                      "id": "minecraft:haste",
                      "amplifier": 4,
                      "duration": 1200,
                      "show_particles": false,
                      "show_icon": true,
                      "ambient": true
                    }
                  ]
                }
              }
            },
            {
              "function": "set_name",
              "name": [
                {
                  "bold": true,
                  "italic": false,
                  "obfuscated": true,
                  "strikethrough": false,
                  "text": "Datorade",
                  "underlined": false
                }
              ],
              "target": "item_name"
            }
          ]
        },
        {
          "type": "item",
          "weight": 1,
          "name": "minecraft:potion",
          "functions": [
            {
              "function": "set_count",
              "count": 1
            },
            {
              "function": "set_components",
              "components": {
                "minecraft:hide_tooltip": {},
                "minecraft:potion_contents": {
                  "custom_color": 0,
                  "custom_effects": [
                    {
                      "id": "minecraft:glowing",
                      "amplifier": 4,
                      "duration": 3600,
                      "show_particles": false,
                      "show_icon": true,
                      "ambient": true
                    }
                  ]
                }
              }
            },
            {
              "function": "set_name",
              "name": [
                {
                  "bold": true,
                  "italic": false,
                  "obfuscated": true,
                  "strikethrough": false,
                  "text": "Datorade",
                  "underlined": false
                }
              ],
              "target": "item_name"
            }
          ]
        },
        {
          "type": "item",
          "weight": 1,
          "name": "minecraft:potion",
          "functions": [
            {
              "function": "set_count",
              "count": 1
            },
            {
              "function": "set_components",
              "components": {
                "minecraft:hide_tooltip": {},
                "minecraft:potion_contents": {
                  "custom_color": 0,
                  "custom_effects": [
                    {
                      "id": "minecraft:fire_resistance",
                      "amplifier": 4,
                      "duration": 3600,
                      "show_particles": false,
                      "show_icon": true,
                      "ambient": true
                    }
                  ]
                }
              }
            },
            {
              "function": "set_name",
              "name": [
                {
                  "bold": true,
                  "italic": false,
                  "obfuscated": true,
                  "strikethrough": false,
                  "text": "Datorade",
                  "underlined": false
                }
              ],
              "target": "item_name"
            }
          ]
        },
        {
          "type": "item",
          "weight": 1,
          "name": "minecraft:potion",
          "functions": [
            {
              "function": "set_count",
              "count": 1
            },
            {
              "function": "set_components",
              "components": {
                "minecraft:hide_tooltip": {},
                "minecraft:potion_contents": {
                  "custom_color": 0,
                  "custom_effects": [
                    {
                      "id": "minecraft:dolphins_grace",
                      "amplifier": 4,
                      "duration": 3600,
                      "show_particles": false,
                      "show_icon": true,
                      "ambient": true
                    }
                  ]
                }
              }
            },
            {
              "function": "set_name",
              "name": [
                {
                  "bold": true,
                  "italic": false,
                  "obfuscated": true,
                  "strikethrough": false,
                  "text": "Datorade",
                  "underlined": false
                }
              ],
              "target": "item_name"
            }
          ]
        },
        {
          "type": "item",
          "weight": 1,
          "name": "minecraft:potion",
          "functions": [
            {
              "function": "set_count",
              "count": 1
            },
            {
              "function": "set_components",
              "components": {
                "minecraft:hide_tooltip": {},
                "minecraft:potion_contents": {
                  "custom_color": 0,
                  "custom_effects": [
                    {
                      "id": "minecraft:darkness",
                      "amplifier": 4,
                      "duration": 3600,
                      "show_particles": false,
                      "show_icon": true,
                      "ambient": true
                    }
                  ]
                }
              }
            },
            {
              "function": "set_name",
              "name": [
                {
                  "bold": true,
                  "italic": false,
                  "obfuscated": true,
                  "strikethrough": false,
                  "text": "Datorade",
                  "underlined": false
                }
              ],
              "target": "item_name"
            }
          ]
        },
        {
          "type": "item",
          "weight": 1,
          "name": "minecraft:potion",
          "functions": [
            {
              "function": "set_count",
              "count": 1
            },
            {
              "function": "set_components",
              "components": {
                "minecraft:hide_tooltip": {},
                "minecraft:potion_contents": {
                  "custom_color": 0,
                  "custom_effects": [
                    {
                      "id": "minecraft:conduit_power",
                      "amplifier": 4,
                      "duration": 3600,
                      "show_particles": false,
                      "show_icon": true,
                      "ambient": true
                    }
                  ]
                }
              }
            },
            {
              "function": "set_name",
              "name": [
                {
                  "bold": true,
                  "italic": false,
                  "obfuscated": true,
                  "strikethrough": false,
                  "text": "Datorade",
                  "underlined": false
                }
              ],
              "target": "item_name"
            }
          ]
        },
        {
          "type": "item",
          "weight": 1,
          "name": "minecraft:potion",
          "functions": [
            {
              "function": "set_count",
              "count": 1
            },
            {
              "function": "set_components",
              "components": {
                "minecraft:hide_tooltip": {},
                "minecraft:potion_contents": {
                  "custom_color": 0,
                  "custom_effects": [
                    {
                      "id": "minecraft:blindness",
                      "amplifier": 4,
                      "duration": 3600,
                      "show_particles": false,
                      "show_icon": true,
                      "ambient": true
                    }
                  ]
                }
              }
            },
            {
              "function": "set_name",
              "name": [
                {
                  "bold": true,
                  "italic": false,
                  "obfuscated": true,
                  "strikethrough": false,
                  "text": "Datorade",
                  "underlined": false
                }
              ],
              "target": "item_name"
            }
          ]
        },
        {
          "type": "item",
          "weight": 1,
          "name": "minecraft:potion",
          "functions": [
            {
              "function": "set_count",
              "count": 1
            },
            {
              "function": "set_components",
              "components": {
                "minecraft:hide_tooltip": {},
                "minecraft:potion_contents": {
                  "custom_color": 0,
                  "custom_effects": [
                    {
                      "id": "minecraft:bad_omen",
                      "amplifier": 4,
                      "duration": 3600,
                      "show_particles": false,
                      "show_icon": true,
                      "ambient": true
                    }
                  ]
                }
              }
            },
            {
              "function": "set_name",
              "name": [
                {
                  "bold": true,
                  "italic": false,
                  "obfuscated": true,
                  "strikethrough": false,
                  "text": "Datorade",
                  "underlined": false
                }
              ],
              "target": "item_name"
            }
          ]
        },
        {
          "type": "item",
          "weight": 1,
          "name": "minecraft:potion",
          "functions": [
            {
              "function": "set_count",
              "count": 1
            },
            {
              "function": "set_components",
              "components": {
                "minecraft:hide_tooltip": {},
                "minecraft:potion_contents": {
                  "custom_color": 0,
                  "custom_effects": [
                    {
                      "id": "minecraft:absorption",
                      "amplifier": 4,
                      "duration": 3600,
                      "show_particles": false,
                      "show_icon": true,
                      "ambient": true
                    }
                  ]
                }
              }
            },
            {
              "function": "set_name",
              "name": [
                {
                  "bold": true,
                  "italic": false,
                  "obfuscated": true,
                  "strikethrough": false,
                  "text": "Datorade",
                  "underlined": false
                }
              ],
              "target": "item_name"
            }
          ]
        }
      ]
    }
  ]
}