{
  "type": "minecraft:vault",
  "pools": [
    {
      "rolls": 3,
      "entries": [
        {
          "type": "item",
          "weight": 1,
          "name": "minecraft:potion",
          "functions": [
            {
              "function": "set_count",
              "count": 1
            },
            {
              "function": "set_components",
              "components": {
                "minecraft:potion_contents": {
                  "custom_color": 3875990
                }
              }
            },
            {
              "function": "set_name",
              "name": [
                {
                  "bold": true,
                  "text": "Datorade"
                }
              ],
              "target": "item_name"
            },
            {
              "function": "set_lore",
              "lore": [
                {
                  "bold": false,
                  "italic": false,
                  "strikethrough": false,
                  "text": "That's Indigo You Moron flavor",
                  "underlined": false
                },
                {
                  "bold": true,
                  "italic": true,
                  "text": "Contains electrolytes"
                }
              ],
              "mode": "append"
            }
          ]
        },
        {
          "type": "item",
          "weight": 1,
          "name": "minecraft:potion",
          "functions": [
            {
              "function": "set_count",
              "count": 1
            },
            {
              "function": "set_components",
              "components": {
                "minecraft:potion_contents": {
                  "custom_color": 6908265
                }
              }
            },
            {
              "function": "set_name",
              "name": [
                {
                  "bold": true,
                  "text": "Datorade"
                }
              ],
              "target": "item_name"
            },
            {
              "function": "set_lore",
              "lore": [
                {
                  "bold": false,
                  "italic": false,
                  "strikethrough": false,
                  "text": "Igneous Intrusive Stone flavor",
                  "underlined": false
                },
                {
                  "bold": true,
                  "italic": true,
                  "text": "Contains electrolytes"
                }
              ],
              "mode": "append"
            }
          ]
        },
        {
          "type": "item",
          "weight": 1,
          "name": "minecraft:potion",
          "functions": [
            {
              "function": "set_count",
              "count": 1
            },
            {
              "function": "set_components",
              "components": {
                "minecraft:potion_contents": {
                  "custom_color": 6900010
                }
              }
            },
            {
              "function": "set_name",
              "name": [
                {
                  "bold": true,
                  "text": "Datorade"
                }
              ],
              "target": "item_name"
            },
            {
              "function": "set_lore",
              "lore": [
                {
                  "bold": false,
                  "italic": false,
                  "strikethrough": false,
                  "text": "The Poop Never Ends flavor",
                  "underlined": false
                },
                {
                  "bold": true,
                  "italic": true,
                  "text": "Contains electrolytes"
                }
              ],
              "mode": "append"
            }
          ]
        },
        {
          "type": "item",
          "weight": 1,
          "name": "minecraft:potion",
          "functions": [
            {
              "function": "set_count",
              "count": 1
            },
            {
              "function": "set_components",
              "components": {
                "minecraft:potion_contents": {
                  "custom_color": 64655
                }
              }
            },
            {
              "function": "set_name",
              "name": [
                {
                  "bold": true,
                  "text": "Datorade"
                }
              ],
              "target": "item_name"
            },
            {
              "function": "set_lore",
              "lore": [
                {
                  "bold": false,
                  "italic": false,
                  "strikethrough": false,
                  "text": "Toothpaste Boy flavor",
                  "underlined": false
                },
                {
                  "bold": true,
                  "italic": true,
                  "text": "Contains electrolytes"
                }
              ],
              "mode": "append"
            }
          ]
        },
        {
          "type": "item",
          "weight": 1,
          "name": "minecraft:potion",
          "functions": [
            {
              "function": "set_count",
              "count": 1
            },
            {
              "function": "set_components",
              "components": {
                "minecraft:potion_contents": {
                  "custom_color": 11534336
                }
              }
            },
            {
              "function": "set_name",
              "name": [
                {
                  "bold": true,
                  "text": "Datorade"
                }
              ],
              "target": "item_name"
            },
            {
              "function": "set_lore",
              "lore": [
                {
                  "bold": false,
                  "italic": false,
                  "strikethrough": false,
                  "text": "Blood flavor",
                  "underlined": false
                },
                {
                  "bold": true,
                  "italic": true,
                  "text": "Contains electrolytes"
                },
                {
                  "bold": true,
                  "color": "dark_red",
                  "italic": false,
                  "strikethrough": false,
                  "text": "MANKIND IS DEAD",
                  "underlined": false
                },
                {
                  "bold": true,
                  "color": "dark_red",
                  "italic": false,
                  "strikethrough": false,
                  "text": "BLOOD IS FUEL",
                  "underlined": false
                },
                {
                  "bold": true,
                  "color": "dark_red",
                  "italic": false,
                  "strikethrough": false,
                  "text": "HELL IS FULL",
                  "underlined": false
                }
              ],
              "mode": "append"
            }
          ]
        },
        {
          "type": "item",
          "weight": 1,
          "name": "minecraft:potion",
          "functions": [
            {
              "function": "set_count",
              "count": 1
            },
            {
              "function": "set_components",
              "components": {
                "minecraft:potion_contents": {
                  "custom_color": 11838597
                }
              }
            },
            {
              "function": "set_name",
              "name": [
                {
                  "bold": true,
                  "text": "Datorade"
                }
              ],
              "target": "item_name"
            },
            {
              "function": "set_lore",
              "lore": [
                {
                  "bold": false,
                  "italic": false,
                  "strikethrough": false,
                  "text": "Molut flavor",
                  "underlined": false
                },
                {
                  "bold": true,
                  "italic": true,
                  "text": "Contains electrolytes"
                }
              ],
              "mode": "append"
            }
          ]
        },
        {
          "type": "item",
          "weight": 1,
          "name": "minecraft:potion",
          "functions": [
            {
              "function": "set_count",
              "count": 1
            },
            {
              "function": "set_components",
              "components": {
                "minecraft:potion_contents": {
                  "custom_color": 25814
                }
              }
            },
            {
              "function": "set_name",
              "name": [
                {
                  "bold": true,
                  "text": "Datorade"
                }
              ],
              "target": "item_name"
            },
            {
              "function": "set_lore",
              "lore": [
                {
                  "bold": false,
                  "italic": false,
                  "strikethrough": false,
                  "text": "Tincture Of Queensfoil flavor",
                  "underlined": false
                },
                {
                  "bold": true,
                  "italic": true,
                  "text": "Contains electrolytes"
                }
              ],
              "mode": "append"
            }
          ]
        },
        {
          "type": "item",
          "weight": 1,
          "name": "minecraft:potion",
          "functions": [
            {
              "function": "set_count",
              "count": 1
            },
            {
              "function": "set_components",
              "components": {
                "minecraft:potion_contents": {
                  "custom_color": 14032072
                }
              }
            },
            {
              "function": "set_name",
              "name": [
                {
                  "bold": true,
                  "text": "Datorade"
                }
              ],
              "target": "item_name"
            },
            {
              "function": "set_lore",
              "lore": [
                {
                  "bold": false,
                  "italic": false,
                  "strikethrough": false,
                  "text": "Bittergem flavor",
                  "underlined": false
                },
                {
                  "bold": true,
                  "italic": true,
                  "text": "Contains electrolytes"
                }
              ],
              "mode": "append"
            }
          ]
        },
        {
          "type": "item",
          "weight": 1,
          "name": "minecraft:potion",
          "functions": [
            {
              "function": "set_count",
              "count": 1
            },
            {
              "function": "set_components",
              "components": {
                "minecraft:potion_contents": {
                  "custom_color": 65535
                }
              }
            },
            {
              "function": "set_name",
              "name": [
                {
                  "bold": true,
                  "text": "Datorade"
                }
              ],
              "target": "item_name"
            },
            {
              "function": "set_lore",
              "lore": [
                {
                  "bold": false,
                  "italic": false,
                  "strikethrough": false,
                  "text": "Delta flavor",
                  "underlined": false
                },
                {
                  "bold": true,
                  "italic": true,
                  "text": "Contains electrolytes"
                }
              ],
              "mode": "append"
            }
          ]
        },
        {
          "type": "item",
          "weight": 1,
          "name": "minecraft:potion",
          "functions": [
            {
              "function": "set_count",
              "count": 1
            },
            {
              "function": "set_components",
              "components": {
                "minecraft:potion_contents": {
                  "custom_color": 8934480
                }
              }
            },
            {
              "function": "set_name",
              "name": [
                {
                  "bold": true,
                  "text": "Datorade"
                }
              ],
              "target": "item_name"
            },
            {
              "function": "set_lore",
              "lore": [
                {
                  "bold": false,
                  "italic": false,
                  "strikethrough": false,
                  "text": "Human flavor",
                  "underlined": false
                },
                {
                  "bold": true,
                  "italic": true,
                  "text": "Contains electrolytes"
                }
              ],
              "mode": "append"
            }
          ]
        },
        {
          "type": "item",
          "weight": 1,
          "name": "minecraft:potion",
          "functions": [
            {
              "function": "set_count",
              "count": 1
            },
            {
              "function": "set_components",
              "components": {
                "minecraft:potion_contents": {
                  "custom_color": 6907276
                }
              }
            },
            {
              "function": "set_name",
              "name": [
                {
                  "bold": true,
                  "text": "Datorade"
                }
              ],
              "target": "item_name"
            },
            {
              "function": "set_lore",
              "lore": [
                {
                  "bold": false,
                  "italic": false,
                  "strikethrough": false,
                  "text": "Coffee flavor",
                  "underlined": false
                },
                {
                  "bold": true,
                  "italic": true,
                  "text": "Contains electrolytes"
                }
              ],
              "mode": "append"
            }
          ]
        },
        {
          "type": "item",
          "weight": 1,
          "name": "minecraft:potion",
          "functions": [
            {
              "function": "set_count",
              "count": 1
            },
            {
              "function": "set_components",
              "components": {
                "minecraft:potion_contents": {
                  "custom_color": 16777215
                }
              }
            },
            {
              "function": "set_name",
              "name": [
                {
                  "bold": true,
                  "text": "Datorade"
                }
              ],
              "target": "item_name"
            },
            {
              "function": "set_lore",
              "lore": [
                {
                  "bold": false,
                  "italic": false,
                  "strikethrough": false,
                  "text": "Mad Milk flavor",
                  "underlined": false
                },
                {
                  "bold": true,
                  "italic": true,
                  "text": "Contains electrolytes"
                }
              ],
              "mode": "append"
            }
          ]
        },
        {
          "type": "item",
          "weight": 1,
          "name": "minecraft:potion",
          "functions": [
            {
              "function": "set_count",
              "count": 1
            },
            {
              "function": "set_components",
              "components": {
                "minecraft:potion_contents": {
                  "custom_color": 16772608
                }
              }
            },
            {
              "function": "set_name",
              "name": [
                {
                  "bold": true,
                  "text": "Datorade"
                }
              ],
              "target": "item_name"
            },
            {
              "function": "set_lore",
              "lore": [
                {
                  "bold": false,
                  "italic": false,
                  "strikethrough": false,
                  "text": "Piss flavor",
                  "underlined": false
                },
                {
                  "bold": true,
                  "italic": true,
                  "text": "Contains electrolytes"
                }
              ],
              "mode": "append"
            }
          ]
        },
        {
          "type": "item",
          "weight": 1,
          "name": "minecraft:potion",
          "functions": [
            {
              "function": "set_count",
              "count": 1
            },
            {
              "function": "set_components",
              "components": {
                "minecraft:potion_contents": {
                  "custom_color": 14916267
                }
              }
            },
            {
              "function": "set_name",
              "name": [
                {
                  "bold": true,
                  "text": "Datorade"
                }
              ],
              "target": "item_name"
            },
            {
              "function": "set_lore",
              "lore": [
                {
                  "bold": false,
                  "italic": false,
                  "strikethrough": false,
                  "text": "Pink snake flavor",
                  "underlined": false
                },
                {
                  "bold": true,
                  "italic": true,
                  "text": "Contains electrolytes and slime"
                }
              ],
              "mode": "append"
            }
          ]
        },
        {
          "type": "item",
          "weight": 1,
          "name": "minecraft:potion",
          "functions": [
            {
              "function": "set_count",
              "count": 1
            },
            {
              "function": "set_components",
              "components": {
                "minecraft:potion_contents": {
                  "custom_color": 12731001
                }
              }
            },
            {
              "function": "set_name",
              "name": [
                {
                  "bold": true,
                  "text": "Datorade"
                }
              ],
              "target": "item_name"
            },
            {
              "function": "set_lore",
              "lore": [
                {
                  "bold": false,
                  "italic": false,
                  "strikethrough": false,
                  "text": "Cherry Medicine flavor",
                  "underlined": false
                },
                {
                  "bold": true,
                  "italic": true,
                  "text": "Contains electrolytes"
                }
              ],
              "mode": "append"
            }
          ]
        },
        {
          "type": "item",
          "weight": 1,
          "name": "minecraft:potion",
          "functions": [
            {
              "function": "set_count",
              "count": 1
            },
            {
              "function": "set_components",
              "components": {
                "minecraft:potion_contents": {
                  "custom_color": 16748800
                }
              }
            },
            {
              "function": "set_name",
              "name": [
                {
                  "bold": true,
                  "text": "Datorade"
                }
              ],
              "target": "item_name"
            },
            {
              "function": "set_lore",
              "lore": [
                {
                  "bold": false,
                  "italic": false,
                  "strikethrough": false,
                  "text": "Gup flavor",
                  "underlined": false
                },
                {
                  "bold": true,
                  "italic": true,
                  "text": "Contains electrolytes"
                }
              ],
              "mode": "append"
            }
          ]
        },
        {
          "type": "item",
          "weight": 1,
          "name": "minecraft:potion",
          "functions": [
            {
              "function": "set_count",
              "count": 1
            },
            {
              "function": "set_components",
              "components": {
                "minecraft:potion_contents": {
                  "custom_color": 876032
                }
              }
            },
            {
              "function": "set_name",
              "name": [
                {
                  "bold": true,
                  "text": "Datorade"
                }
              ],
              "target": "item_name"
            },
            {
              "function": "set_lore",
              "lore": [
                {
                  "bold": false,
                  "italic": false,
                  "strikethrough": false,
                  "text": "Moss flavor",
                  "underlined": false
                },
                {
                  "bold": true,
                  "italic": true,
                  "text": "Contains electrolytes"
                }
              ],
              "mode": "append"
            }
          ]
        },
        {
          "type": "item",
          "weight": 1,
          "name": "minecraft:potion",
          "functions": [
            {
              "function": "set_count",
              "count": 1
            },
            {
              "function": "set_components",
              "components": {
                "minecraft:potion_contents": {
                  "custom_color": 0
                }
              }
            },
            {
              "function": "set_name",
              "name": [
                {
                  "bold": true,
                  "text": "Datorade"
                }
              ],
              "target": "item_name"
            },
            {
              "function": "set_lore",
              "lore": [
                {
                  "bold": false,
                  "italic": false,
                  "strikethrough": false,
                  "text": "Licorice flavor",
                  "underlined": false
                },
                {
                  "bold": true,
                  "italic": true,
                  "text": "Contains electrolytes"
                }
              ],
              "mode": "append"
            }
          ]
        },
        {
          "type": "item",
          "weight": 1,
          "name": "minecraft:potion",
          "functions": [
            {
              "function": "set_count",
              "count": 1
            },
            {
              "function": "set_components",
              "components": {
                "minecraft:potion_contents": {
                  "custom_color": 13097727
                }
              }
            },
            {
              "function": "set_name",
              "name": [
                {
                  "bold": true,
                  "text": "Datorade"
                }
              ],
              "target": "item_name"
            },
            {
              "function": "set_lore",
              "lore": [
                {
                  "bold": false,
                  "italic": false,
                  "strikethrough": false,
                  "text": "Tears of the old gods flavor",
                  "underlined": false
                },
                {
                  "bold": true,
                  "italic": true,
                  "text": "Contains electrolytes"
                }
              ],
              "mode": "append"
            }
          ]
        },
        {
          "type": "item",
          "weight": 1,
          "name": "minecraft:potion",
          "functions": [
            {
              "function": "set_count",
              "count": 1
            },
            {
              "function": "set_components",
              "components": {
                "minecraft:potion_contents": {
                  "custom_color": 11206400
                }
              }
            },
            {
              "function": "set_name",
              "name": [
                {
                  "bold": true,
                  "text": "Datorade"
                }
              ],
              "target": "item_name"
            },
            {
              "function": "set_lore",
              "lore": [
                {
                  "bold": false,
                  "italic": false,
                  "strikethrough": false,
                  "text": "Baby barf flavor",
                  "underlined": false
                },
                {
                  "bold": true,
                  "italic": true,
                  "text": "Contains electrolytes"
                }
              ],
              "mode": "append"
            }
          ]
        }
      ]
    }
  ]
}