{
	"name": "ddungeons:village_trailer/town_centers",
	"fallback": "minecraft:empty",
	"elements": [{
		"weight": 1,
		"element": {
			"location": "ddungeons:village_trailer/town_centers/town_center1",
			"processors": "minecraft:empty",
			"projection": "rigid",
			"element_type": "minecraft:single_pool_element"
		}
	},{
		"weight": 1,
		"element": {
			"location": "ddungeons:village_trailer/town_centers/town_center2",
			"processors": "minecraft:empty",
			"projection": "rigid",
			"element_type": "minecraft:single_pool_element"
		}
	},{
		"weight": 1,
		"element": {
			"location": "ddungeons:village_trailer/town_centers/town_center3",
			"processors": "minecraft:empty",
			"projection": "rigid",
			"element_type": "minecraft:single_pool_element"
		}
	},
{
		"weight": 1,
		"element": {
			"location": "ddungeons:village_trailer/town_centers/town_center4",
			"processors": "minecraft:empty",
			"projection": "rigid",
			"element_type": "minecraft:single_pool_element"
		}
	},
{
		"weight": 1,
		"element": {
			"location": "ddungeons:village_trailer/town_centers/town_center5",
			"processors": "minecraft:empty",
			"projection": "rigid",
			"element_type": "minecraft:single_pool_element"
		}
	}]
}